item,noInstances
wd:Q193760,0
wd:Q214267,2
wd:Q7635394,1
wd:Q16056640,1
wd:Q834007,1
wd:Q29149925,0
wd:Q5602916,5
wd:Q498508,0
wd:Q713493,0
wd:Q7825049,0
wd:Q27905,17
wd:Q2561317,1
wd:Q1165103,0
wd:Q3508687,3
wd:Q471702,0
wd:Q4364435,0
wd:Q7431132,3
wd:Q5196456,1
wd:Q1200314,0
wd:Q2553861,0
wd:Q988456,0
wd:Q7554354,1
wd:Q2662841,10
wd:Q7865904,1
wd:Q180362,0
wd:Q7397372,1
wd:Q13222844,1
wd:Q739589,3
wd:Q16976295,3
wd:Q190489,0
wd:Q635767,14
wd:Q2166448,1
wd:Q4832012,0
wd:Q2735971,0
wd:Q1135221,0
wd:Q7489831,1
wd:Q2301073,1
wd:Q4173974,5
wd:Q5249245,0
wd:Q83809,1
wd:Q5165448,0
wd:Q204043,1
wd:Q1074090,1
wd:Q17106089,0
wd:Q7972831,1
wd:Q7628401,1
wd:Q845060,1
wd:Q1361583,1
wd:Q839018,1
wd:Q763501,4
wd:Q1032349,1
wd:Q3125207,1
wd:Q676024,0
wd:Q7435308,0
wd:Q5468420,0
wd:Q18757,0
wd:Q899681,1
wd:Q17122930,1
wd:Q6746692,0
wd:Q3575768,1
wd:Q6656244,0
wd:Q4818230,0
wd:Q308881,1
wd:Q1064441,1
wd:Q16839444,0
wd:Q1067203,0
wd:Q1754327,1
wd:Q4311738,0
wd:Q858496,1
wd:Q17086996,1
wd:Q15972949,1
wd:Q13455560,1
wd:Q2250008,0
wd:Q1967218,1
wd:Q7941026,1
wd:Q2891405,1
wd:Q1400734,1
wd:Q16154661,1
wd:Q192852,1
wd:Q429049,0
wd:Q2620655,1
wd:Q5183758,1
wd:Q199388,0
wd:Q422584,3
wd:Q43518,1
wd:Q185698,11
wd:Q529637,0
wd:Q1321919,1
wd:Q581809,1
wd:Q2070184,1
wd:Q2835766,1
wd:Q13551889,0
wd:Q763956,1
wd:Q6503275,1
wd:Q7315461,2
wd:Q2055141,1
wd:Q184377,1
wd:Q6708227,6
wd:Q3434454,1
wd:Q934433,1
wd:Q6823858,1
wd:Q2488579,3
wd:Q885115,2
wd:Q3007454,0
wd:Q2045669,0
wd:Q534131,0
wd:Q3951828,1
wd:Q1550232,1
wd:Q786484,0
wd:Q1306022,1
wd:Q339180,45
wd:Q835023,0
wd:Q7658863,10
wd:Q1178984,0
wd:Q7318358,16
wd:Q380170,0
wd:Q2646130,0
wd:Q5629930,0
wd:Q611946,9
wd:Q734236,1
wd:Q305016,2
wd:Q1959404,2
wd:Q6918351,0
wd:Q3737909,13
wd:Q2415537,0
wd:Q7077160,0
wd:Q511733,0
wd:Q1364467,0
wd:Q25038162,0
wd:Q2733083,1
wd:Q2945640,1
wd:Q5413443,2
wd:Q318869,1
wd:Q2299007,3
wd:Q3561179,0
wd:Q1521634,1
wd:Q131925,0
wd:Q356648,0
wd:Q1270126,14
wd:Q1401536,0
wd:Q1427914,2
wd:Q6731162,1
wd:Q2883346,2
wd:Q1758095,1
wd:Q163967,1
wd:Q1523627,30
wd:Q1761269,1
wd:Q1341702,1
wd:Q3506963,5
wd:Q12880215,0
wd:Q230533,1
wd:Q1964223,3
wd:Q5422725,1
wd:Q474187,0
wd:Q694131,0
wd:Q185369,3
wd:Q1991663,0
wd:Q6501106,0
wd:Q181767,0
wd:Q1220872,6
wd:Q855743,20
wd:Q2306510,0
wd:Q1416310,5
wd:Q3931974,1
wd:Q2916245,0
wd:Q302152,0
wd:Q860947,0
wd:Q2992545,1
wd:Q3561963,1
wd:Q1513250,1
wd:Q5119003,5
wd:Q29407,1
wd:Q2565355,4
wd:Q2356542,6
wd:Q4879524,3
wd:Q1785609,1
wd:Q757232,1
wd:Q7171483,1
wd:Q676108,1
wd:Q3872,0
wd:Q4146702,1
wd:Q358404,0
wd:Q1126769,0
wd:Q849032,0
wd:Q1571949,0
wd:Q1777684,1
wd:Q747810,12
wd:Q14472286,3
wd:Q1068640,1
wd:Q687031,4
wd:Q4672500,0
wd:Q1888611,1
wd:Q128367,0
wd:Q1303061,2
wd:Q1023377,20
wd:Q329273,0
wd:Q2125374,2
wd:Q559065,1
wd:Q15900779,10
wd:Q1104185,0
wd:Q2717322,7
wd:Q1893282,2
wd:Q1632297,1
wd:Q3128632,2
wd:Q1149963,3
wd:Q331353,1
wd:Q173245,0
wd:Q1363275,1
wd:Q3540209,4
wd:Q1322614,1
wd:Q1822655,0
wd:Q509037,7
wd:Q1081004,2
wd:Q2995432,1
wd:Q1509590,2
wd:Q18350832,2
wd:Q12354166,0
wd:Q304618,0
wd:Q3781304,1
wd:Q1232148,1
wd:Q263809,0
wd:Q201833,0
wd:Q1476232,30
wd:Q5519945,1
wd:Q5450355,0
wd:Q774583,0
wd:Q842813,2
wd:Q6950379,1
wd:Q156112,2
wd:Q5458967,0
wd:Q633620,0
wd:Q47657,0
wd:Q908908,5
wd:Q1570373,2
wd:Q745090,0
wd:Q163021,2
wd:Q842206,0
wd:Q1558681,0
wd:Q7281038,2
wd:Q6418097,1
wd:Q688385,1
wd:Q1064975,1
wd:Q484318,1
wd:Q6503489,3
wd:Q877979,0
wd:Q5889850,1
wd:Q2954947,3
wd:Q13100823,0
wd:Q6867355,0
wd:Q840343,0
wd:Q7333303,4
wd:Q1637005,1
wd:Q7001060,1
wd:Q387318,2
wd:Q850692,1
wd:Q725417,0
wd:Q173106,2
wd:Q706848,0
wd:Q5281760,1
wd:Q7430243,1
wd:Q1027298,0
wd:Q7189622,2
wd:Q2885682,0
wd:Q1851434,0
wd:Q1542864,1
wd:Q1156822,0
wd:Q3041327,0
wd:Q1438124,0
wd:Q60378,1
wd:Q9008551,0
wd:Q500348,2
wd:Q1094528,1
wd:Q6731566,1
wd:Q332285,1
wd:Q7673109,3
wd:Q3275749,1
wd:Q485537,4
wd:Q846929,0
wd:Q1147354,1
wd:Q747746,1
wd:Q2138304,1
wd:Q5438144,1
wd:Q3057802,1
wd:Q340015,0
wd:Q2076599,2
wd:Q3026419,0
wd:Q959163,12
wd:Q1751445,1
wd:Q5138208,0
wd:Q428632,2
wd:Q426394,1
wd:Q363404,0
wd:Q956085,0
wd:Q190132,0
wd:Q205046,1
wd:Q5185343,0
wd:Q5283901,0
wd:Q3635472,0
wd:Q276099,4
wd:Q717122,2
wd:Q694118,0
wd:Q332985,2
wd:Q1153773,0
wd:Q1144170,1
wd:Q18957,0
wd:Q7624088,1
wd:Q308859,0
wd:Q986909,0
wd:Q17015388,1
wd:Q2639207,1
wd:Q819049,1
wd:Q7225120,1
wd:Q212108,1
wd:Q424494,0
wd:Q1069280,0
wd:Q898370,0
wd:Q1172477,1
wd:Q3072558,1
wd:Q1662670,2
wd:Q4613441,0
wd:Q863575,0
wd:Q653345,1
wd:Q3935748,1
wd:Q1394451,0
wd:Q692218,2
wd:Q5602027,0
wd:Q629029,0
wd:Q208128,2
wd:Q943898,1
wd:Q182875,2
wd:Q1203383,0
wd:Q1667082,2
wd:Q1093522,0
wd:Q1385001,1
wd:Q1049923,0
wd:Q1164432,2
wd:Q1109562,1
wd:Q7513684,1
wd:Q3565078,0
wd:Q636027,0
wd:Q837313,0
wd:Q10858068,1
wd:Q827688,0
wd:Q899232,0
wd:Q683732,0
wd:Q4925872,1
wd:Q16001535,1
wd:Q450539,2
wd:Q1749879,0
wd:Q466449,2
wd:Q1139917,3
wd:Q747779,2
wd:Q3075310,0
wd:Q847536,2
wd:Q2290944,2
wd:Q1191519,0
wd:Q2986423,0
wd:Q4997551,0
wd:Q1576430,0
wd:Q903282,0
wd:Q6057169,1
wd:Q18160232,0
wd:Q7257997,5
wd:Q7448137,0
wd:Q465503,1
wd:Q219625,2
wd:Q3236487,3
wd:Q1192317,1
wd:Q357789,0
wd:Q656784,0
wd:Q3041123,0
wd:Q652289,1
wd:Q4686479,3
wd:Q3523879,0
wd:Q1187724,0
wd:Q2859736,1
wd:Q5451695,2
wd:Q1668074,1
wd:Q7950347,3
wd:Q4384456,1
wd:Q1088161,0
wd:Q1182135,0
wd:Q4116106,0
wd:Q2920329,1
wd:Q255731,0
wd:Q1465703,1
wd:Q1981640,2
wd:Q23055573,1
wd:Q749400,9
wd:Q1484064,4
wd:Q3707847,0
wd:Q1516291,1
wd:Q1330821,2
wd:Q5317357,2
wd:Q1999580,0
wd:Q4839577,1
wd:Q3308639,1
wd:Q263443,3
wd:Q7302601,1
wd:Q842072,2
wd:Q1112254,3
wd:Q845214,0
wd:Q2626671,6
wd:Q649499,2
wd:Q5469877,0
wd:Q574613,0
wd:Q1430789,0
wd:Q1754555,0
wd:Q190258,2
wd:Q1144504,0
wd:Q9178218,1
wd:Q1574438,2
wd:Q5381546,0
wd:Q2526135,0
wd:Q928812,4
wd:Q3269441,1
wd:Q544736,0
wd:Q655593,1
wd:Q2994640,0
wd:Q1572403,64
wd:Q4774344,1
wd:Q3519388,1
wd:Q5062052,0
wd:Q17079911,1
wd:Q1200992,10
wd:Q243237,0
wd:Q1349660,1
wd:Q837721,0
wd:Q933382,0
wd:Q838625,11
wd:Q4420941,1
wd:Q210978,0
wd:Q4114753,1
wd:Q372001,0
wd:Q4202184,1
wd:Q1202243,2
wd:Q6815577,1
wd:Q1513223,6
wd:Q3376141,1
wd:Q1136404,0
wd:Q1899048,1
wd:Q368312,1
wd:Q3943927,1
wd:Q4352447,0
wd:Q3775122,2
wd:Q5001927,0
wd:Q42008,1
wd:Q1076557,0
wd:Q1742093,1
wd:Q831047,1
wd:Q3408901,0
wd:Q2435085,0
wd:Q4503831,3
wd:Q143470,1
wd:Q3518405,0
wd:Q927431,0
wd:Q1572895,0
wd:Q4290565,1
wd:Q7245071,0
wd:Q7134956,0
wd:Q1156976,2
wd:Q461499,1
wd:Q5146583,1
wd:Q191110,12
wd:Q15059635,0
wd:Q1154909,1
wd:Q289891,0
wd:Q1075009,0
wd:Q23047376,0
wd:Q5381254,1
wd:Q7912786,0
wd:Q184716,0
wd:Q1527595,0
wd:Q4852446,2
wd:Q4149604,1
wd:Q1706492,0
wd:Q1202146,2
wd:Q3030775,0
wd:Q20642576,3
wd:Q216817,1
wd:Q7226618,0
wd:Q3558349,16
wd:Q1369310,0
wd:Q566689,0
wd:Q5382723,0
wd:Q5255888,1
wd:Q62955,1
wd:Q7564106,1
wd:Q7299618,4
wd:Q707896,0
wd:Q3228623,0
wd:Q7315175,2
wd:Q7864937,1
wd:Q25323710,17
wd:Q133766,12
wd:Q915026,1
wd:Q19902110,0
wd:Q629882,2
wd:Q13440398,0
wd:Q170451,1
wd:Q2314176,1
wd:Q154365,3
wd:Q374259,0
wd:Q81659,1
wd:Q2466334,0
wd:Q5154924,1
wd:Q366732,0
wd:Q7880416,1
wd:Q172861,1
wd:Q1204361,0
wd:Q3625100,0
wd:Q3305298,1
wd:Q7248116,3
wd:Q192886,0
wd:Q427085,1
wd:Q192696,2
wd:Q552994,0
wd:Q21162481,0
wd:Q816871,1
wd:Q747478,1
wd:Q351119,1
wd:Q58748,1
wd:Q622601,0
wd:Q192089,0
wd:Q1647939,0
wd:Q3394670,1
wd:Q5265707,1
wd:Q224107,2
wd:Q4386797,1
wd:Q7200276,0
wd:Q201936,0
wd:Q522560,15
wd:Q44311,0
wd:Q12912864,0
wd:Q4851250,49
wd:Q2116384,1
wd:Q334765,2
wd:Q787282,0
wd:Q5193357,1
wd:Q1485102,0
wd:Q191903,1
wd:Q920600,5
wd:Q7860947,0
wd:Q6823697,1
wd:Q907574,0
wd:Q1498213,1
wd:Q2292993,1
wd:Q11142797,2
wd:Q614394,0
wd:Q7879841,0
wd:Q6749571,0
wd:Q1414356,0
wd:Q1229600,1
wd:Q7258780,8
wd:Q273610,1
wd:Q253897,0
wd:Q3318236,0
wd:Q1137656,3
wd:Q6732892,1
wd:Q471857,0
wd:Q1896787,1
wd:Q1229735,1
wd:Q1323709,0
wd:Q1714250,0
wd:Q1612699,6
wd:Q3328738,0
wd:Q1071659,0
wd:Q3691256,19
wd:Q213096,0
wd:Q4145423,2
wd:Q2629736,1
wd:Q1142340,1
wd:Q7834916,3
wd:Q1686000,2
wd:Q467687,1
wd:Q1760222,1
wd:Q1413962,12
wd:Q117987,3
wd:Q764805,2
wd:Q5610968,1
wd:Q1780146,0
wd:Q5157524,0
wd:Q322229,1
wd:Q2005597,0
wd:Q7094100,0
wd:Q1476938,9
wd:Q2404958,22
wd:Q7225130,1
wd:Q15788,0
wd:Q496188,0
wd:Q175234,1
wd:Q12411192,1
wd:Q7598359,0
wd:Q13048280,0
wd:Q7100755,0
wd:Q1413128,0
wd:Q2248740,1
wd:Q386077,1
wd:Q58929,0
wd:Q15402063,3
wd:Q328616,1
wd:Q3399648,0
wd:Q260899,11
wd:Q2072447,0
wd:Q809898,0
wd:Q27406,2
wd:Q3271199,2
wd:Q944672,1
wd:Q7595782,2
wd:Q489750,0
wd:Q5136675,0
wd:Q184452,4
wd:Q2047589,1
wd:Q17063033,1
wd:Q5175548,1
wd:Q7225228,16
wd:Q3482346,0
wd:Q8143062,2
wd:Q16908765,0
wd:Q1390062,5
wd:Q8031194,1
wd:Q1458711,0
wd:Q1622602,0
wd:Q689095,0
wd:Q797551,0
wd:Q841090,0
wd:Q699462,0
wd:Q1165721,1
wd:Q1337691,0
wd:Q1142188,0
wd:Q6470127,3
wd:Q669585,3
wd:Q7458519,1
wd:Q315630,2
wd:Q835803,11
wd:Q3887334,1
wd:Q3151851,1
wd:Q15738686,1
wd:Q2917873,0
wd:Q505748,3
wd:Q4752916,2
wd:Q10283002,0
wd:Q18695611,0
wd:Q759769,1
wd:Q3536503,1
wd:Q246143,1
wd:Q1781513,19
wd:Q2823722,3
wd:Q547605,0
wd:Q7541579,2
wd:Q108810,0
wd:Q5421693,4
wd:Q14371213,1
wd:Q7210347,1
wd:Q1218265,2
wd:Q3020028,2
wd:Q1294114,0
wd:Q549635,0
wd:Q223681,3
wd:Q2300560,0
wd:Q5753139,2
wd:Q10871971,4
wd:Q204244,0
wd:Q641973,0
wd:Q457931,1
wd:Q4135516,1
wd:Q41958,1
wd:Q2593264,1
wd:Q1335907,6
wd:Q1151934,1
wd:Q2534469,2
wd:Q958775,3
wd:Q16172899,0
wd:Q1383946,1
wd:Q168417,0
wd:Q1523267,0
wd:Q20826906,1
wd:Q544041,1
wd:Q4818019,1
wd:Q2610391,22
wd:Q354869,4
wd:Q917418,76
wd:Q967352,1
wd:Q1760728,3
wd:Q1019917,0
wd:Q241996,20
wd:Q4960291,1
wd:Q1609437,2
wd:Q682871,1
wd:Q4867754,2
wd:Q227477,1
wd:Q2346630,1
wd:Q7623560,0
wd:Q372948,1
wd:Q1498464,2
wd:Q209672,2
wd:Q626268,0
wd:Q4161250,1
wd:Q1513048,0
wd:Q21005,2
wd:Q7922848,0
wd:Q2640329,3
wd:Q863349,0
wd:Q579600,0
wd:Q11626933,1
wd:Q4114763,1
wd:Q353163,3
wd:Q783287,3
wd:Q1674651,1
wd:Q7831478,0
wd:Q18208050,0
wd:Q2746700,1
wd:Q269107,0
wd:Q2621792,0
wd:Q3436550,1
wd:Q6723711,0
wd:Q2635635,0
wd:Q2341329,1
wd:Q1198713,1
wd:Q247700,1
wd:Q6047650,1
wd:Q620113,2
wd:Q26090,1
wd:Q7659073,1
wd:Q624780,0
wd:Q759815,0
wd:Q3534121,0
wd:Q290759,1
wd:Q840692,0
wd:Q2374515,1
wd:Q7075109,3
wd:Q3044530,1
wd:Q2112436,1
wd:Q7281192,1
wd:Q3360529,0
wd:Q353673,0
wd:Q4166172,1
wd:Q1088927,5
wd:Q7257998,1
wd:Q5451561,0
wd:Q6483831,1
wd:Q757382,0
wd:Q21050962,1
wd:Q17086163,1
wd:Q19829510,1
wd:Q17098338,2
wd:Q16251533,0
wd:Q1315251,0
wd:Q16246084,1
wd:Q7915780,2
wd:Q169956,24
wd:Q2364784,0
wd:Q7492302,2
wd:Q1754598,2
wd:Q1779692,1
wd:Q6005469,0
wd:Q842870,1
wd:Q363948,0
wd:Q2277510,0
wd:Q696937,1
wd:Q7203108,8
wd:Q17154617,1
wd:Q1138899,2
wd:Q1051522,2
wd:Q650250,0
wd:Q1355195,1
wd:Q18378426,0
wd:Q3724174,0
wd:Q42278,2
wd:Q16969721,1
wd:Q898362,18
wd:Q5340969,1
wd:Q875399,2
wd:Q266790,2
wd:Q367831,1
wd:Q4923459,0
wd:Q1136999,1
wd:Q16948788,1
wd:Q15496340,0
wd:Q12786121,7
wd:Q4462424,0
wd:Q2282469,0
wd:Q15489667,5
wd:Q1625040,0
wd:Q1610966,0
wd:Q6466879,1
wd:Q140732,0
wd:Q858321,1
wd:Q989120,0
wd:Q16950488,0
wd:Q5368307,6
wd:Q3699460,2
wd:Q950799,2
wd:Q1131696,1
wd:Q863372,0
wd:Q1151068,0
wd:Q327069,1
wd:Q829348,0
wd:Q1893126,2
wd:Q1478338,0
wd:Q16918164,1
wd:Q4114147,7
wd:Q764912,0
wd:Q3293439,0
wd:Q1870403,8
wd:Q1103487,1
wd:Q1421330,1
wd:Q424579,2
wd:Q4682549,1
wd:Q2386338,3
wd:Q565276,0
wd:Q1292520,0
wd:Q5586091,1
wd:Q13422881,1
wd:Q2736168,4
wd:Q508719,2
wd:Q1054581,1
wd:Q1046351,0
wd:Q902750,0
wd:Q8018506,1
wd:Q2951366,2
wd:Q7354812,1
wd:Q1366002,1
wd:Q5190563,0
wd:Q947546,1
wd:Q4128384,1
wd:Q7578061,0
wd:Q833490,1
wd:Q5368817,1
wd:Q4696614,0
wd:Q213541,4
wd:Q353284,0
wd:Q2145270,0
wd:Q5578946,1
wd:Q645143,12
wd:Q786829,1
wd:Q161081,0
wd:Q2611907,0
wd:Q3513591,0
wd:Q745129,1
wd:Q249565,7
wd:Q1267055,2
wd:Q6045361,0
wd:Q5656403,0
wd:Q1051175,0
wd:Q1360677,2
wd:Q382735,0
wd:Q5163480,1
wd:Q1070955,1
wd:Q2513470,2
wd:Q6190072,1
wd:Q969804,0
wd:Q1878023,0
wd:Q3345491,1
wd:Q4388753,0
wd:Q1458216,1
wd:Q682153,0
wd:Q5266741,1
wd:Q10968259,1
wd:Q7310068,0
wd:Q5178969,1
wd:Q627093,0
wd:Q1322810,1
wd:Q423026,132
wd:Q336119,4
wd:Q81697,2
wd:Q866298,0
wd:Q827026,0
wd:Q1940122,0
wd:Q2891097,0
wd:Q7535393,0
wd:Q178803,1
wd:Q2912966,1
wd:Q15699657,2
wd:Q5509032,11
wd:Q836661,0
wd:Q1530195,0
wd:Q1500906,0
wd:Q837185,1
wd:Q1335351,1
wd:Q5448091,0
wd:Q2425187,1
wd:Q760125,0
wd:Q4774943,0
wd:Q610757,0
wd:Q49906,21
wd:Q1155596,2
wd:Q7295721,1
wd:Q9161188,0
wd:Q13928914,0
wd:Q3817528,1
wd:Q1509884,3
wd:Q31011,0
wd:Q273088,0
wd:Q1419626,1
wd:Q182116,0
wd:Q3519050,0
wd:Q1814941,1
wd:Q3516029,0
wd:Q961356,0
wd:Q636427,0
wd:Q901847,2
wd:Q17004438,4
wd:Q942787,1
wd:Q1059740,4
wd:Q1671839,0
wd:Q5358570,1
wd:Q2387515,9
wd:Q6151065,1
wd:Q12688575,1
wd:Q763244,1
wd:Q1276556,1
wd:Q221911,5
wd:Q843478,0
wd:Q4684561,0
wd:Q2364483,0
wd:Q210603,1
wd:Q16149491,0
wd:Q177784,2
wd:Q7307705,0
wd:Q2295204,1
wd:Q335303,1
wd:Q1296024,0
wd:Q7204920,1
wd:Q152234,0
wd:Q192270,1
wd:Q7371361,3
wd:Q6665704,0
wd:Q7635378,1
wd:Q133475,0
wd:Q219872,1
wd:Q7379041,0
wd:Q241741,0
wd:Q58702,2
wd:Q1251001,0
wd:Q571709,4
wd:Q12858816,1
wd:Q935362,1
wd:Q955957,0
wd:Q1093445,0
wd:Q525073,0
wd:Q6022533,1
wd:Q2266263,0
wd:Q869713,1
wd:Q5166238,1
wd:Q16505822,0
wd:Q901610,1
wd:Q280559,1
wd:Q4217103,1
wd:Q3270773,2
wd:Q8041664,1
wd:Q131765,2
wd:Q4674287,0
wd:Q2086008,0
wd:Q5642704,1
wd:Q465088,0
wd:Q1621783,1
wd:Q7805429,1
wd:Q6707256,2
wd:Q1216982,0
wd:Q1228967,3
wd:Q210868,0
wd:Q5164338,1
wd:Q933235,1
wd:Q913572,1
wd:Q906899,1
wd:Q15063219,1
wd:Q874342,1
wd:Q7603976,1
wd:Q227505,1
wd:Q2451922,1
wd:Q25340358,0
wd:Q735485,1
wd:Q1900281,0
wd:Q1903785,0
wd:Q611322,0
wd:Q203290,1
wd:Q302562,1
wd:Q1890958,0
wd:Q679633,1
wd:Q3114657,1
wd:Q4794288,0
wd:Q5477533,0
wd:Q231425,0
wd:Q17156814,1
wd:Q1198538,1
wd:Q3217284,1
wd:Q856292,0
wd:Q3063341,1
wd:Q610001,1
wd:Q1365679,1
wd:Q489371,1
wd:Q3176665,2
wd:Q3308979,0
wd:Q1424306,0
wd:Q3244705,0
wd:Q5419294,1
wd:Q1547148,2
wd:Q3345348,1
wd:Q816441,1
wd:Q1790740,0
wd:Q518020,0
wd:Q1135882,1
wd:Q849994,0
wd:Q2351326,0
wd:Q6664588,1
wd:Q1289848,2
wd:Q836365,1
wd:Q2001056,0
wd:Q753623,0
wd:Q1418690,0
wd:Q1627377,0
wd:Q4764939,0
wd:Q29205,0
wd:Q275447,0
wd:Q904197,1
wd:Q1054011,1
wd:Q2654571,0
wd:Q242256,1
wd:Q1099549,0
wd:Q7239271,2
wd:Q815825,0
wd:Q7623056,9
wd:Q2247133,1
wd:Q1649571,0
wd:Q628261,2
wd:Q2881374,5
wd:Q9089593,1
wd:Q3523908,0
wd:Q1276487,1
wd:Q272870,0
wd:Q2348536,1
wd:Q5937752,0
wd:Q121769,4
wd:Q191645,0
wd:Q538175,0
wd:Q219409,4
wd:Q370219,0
wd:Q1887075,0
wd:Q7093592,4
wd:Q1505189,0
wd:Q349856,1
wd:Q741218,3
wd:Q5166414,0
wd:Q4801243,1
wd:Q3952743,1
wd:Q169359,24
wd:Q1808129,26
wd:Q1255377,2
wd:Q900642,1
wd:Q5162901,3
wd:Q4866666,1
wd:Q914105,0
wd:Q1250390,3
wd:Q4576564,4
wd:Q3152279,0
wd:Q7309249,1
wd:Q6372,1
wd:Q5519970,1
wd:Q6023558,1
wd:Q5368739,1
wd:Q897056,10
wd:Q303132,1
wd:Q1965979,1
wd:Q1065927,1
wd:Q785657,1
wd:Q171180,1
wd:Q5242940,2
wd:Q4323994,0
wd:Q191928,1
wd:Q2862119,1
wd:Q10552196,0
wd:Q3367403,1
wd:Q233762,0
wd:Q1499591,1
wd:Q6027821,1
wd:Q53744,1
wd:Q6583066,2
wd:Q1415372,1
wd:Q2072471,0
wd:Q358652,1
wd:Q2423459,1
wd:Q5074423,1
wd:Q778612,0
wd:Q617593,1
wd:Q553079,0
wd:Q13211826,1
wd:Q1701924,3
wd:Q746515,1
wd:Q170337,1
wd:Q989265,4
wd:Q1141276,0
wd:Q910768,1
wd:Q332903,8
wd:Q1385360,4
wd:Q672788,0
wd:Q7458580,0
wd:Q1266546,1
wd:Q904206,0
wd:Q918448,3
wd:Q562125,0
wd:Q858049,0
wd:Q21136,0
wd:Q4859618,1
wd:Q3950366,0
wd:Q932410,8
wd:Q11344830,1
wd:Q7605380,1
wd:Q1027114,1
wd:Q3935703,3
wd:Q7680364,1
wd:Q14659607,1
wd:Q7144954,1
wd:Q2135382,1
wd:Q638949,0
wd:Q55505,0
wd:Q162908,0
wd:Q446087,1
wd:Q2566803,1
wd:Q3152932,2
wd:Q5914418,0
wd:Q7292750,1
wd:Q8062662,1
wd:Q697327,43
wd:Q3072490,1
wd:Q1368367,0
wd:Q506259,1
wd:Q3006330,1
wd:Q2031017,0
wd:Q1472138,1
wd:Q740578,0
wd:Q960522,1
wd:Q1041282,0
wd:Q947686,2
wd:Q432392,0
wd:Q3488818,0
wd:Q10810201,0
wd:Q1642833,0
wd:Q3652329,7
wd:Q548478,0
wd:Q635195,0
wd:Q1471749,1
wd:Q7998161,1
wd:Q1053933,1
wd:Q2074172,1
wd:Q7908033,0
wd:Q268617,0
wd:Q1587588,0
wd:Q3245113,0
wd:Q759524,2
wd:Q651118,1
wd:Q15910804,6
wd:Q61070,0
wd:Q358648,50
wd:Q1734578,2
wd:Q1029878,1
wd:Q5624219,0
wd:Q1493627,1
wd:Q902019,0
wd:Q16978439,0
wd:Q761414,0
wd:Q215067,0
wd:Q352409,1
wd:Q905592,1
wd:Q16056486,0
wd:Q2069922,0
wd:Q794587,1
wd:Q5276039,0
wd:Q17064699,12
wd:Q7456926,1
wd:Q7210274,1
wd:Q6002851,0
wd:Q2298050,1
wd:Q15729215,2
wd:Q5137802,1
wd:Q1630941,0
wd:Q10927834,5
wd:Q5469077,1
wd:Q1202245,0
wd:Q7309420,1
wd:Q16740861,0
wd:Q578290,1
wd:Q5465095,1
wd:Q618678,1
wd:Q163552,0
wd:Q3470206,0
wd:Q1777144,0
wd:Q4782813,1
wd:Q1688468,0
wd:Q1322478,0
wd:Q1048387,0
wd:Q16941540,2
wd:Q6664240,1
wd:Q1053266,0
wd:Q1474636,0
wd:Q706122,2
wd:Q5189198,1
wd:Q925385,0
wd:Q5185976,1
wd:Q627344,1
wd:Q19018468,0
wd:Q216893,1
wd:Q1630279,5
wd:Q7309138,1
wd:Q15846555,0
wd:Q898419,0
wd:Q8031135,2
wd:Q4638793,1
wd:Q7302863,1
wd:Q1054545,14
wd:Q7538578,0
wd:Q1047409,3
wd:Q1956265,1
wd:Q3480271,2
wd:Q1508666,1
wd:Q6826048,0
wd:Q2626534,0
wd:Q5378597,1
wd:Q744778,4
wd:Q4112660,0
wd:Q4067597,1
wd:Q6451898,0
wd:Q46255,0
wd:Q2229672,10
wd:Q2622641,0
wd:Q17147490,1
wd:Q164359,0
wd:Q1901028,1
wd:Q1206606,1
wd:Q935330,1
wd:Q24895390,1
wd:Q2303305,0
wd:Q1056817,4
wd:Q188968,2
wd:Q212926,0
wd:Q1172743,0
wd:Q3265221,0
wd:Q214214,1
wd:Q3001094,1
wd:Q2135331,0
wd:Q2392011,0
wd:Q2733271,3
wd:Q465473,1
wd:Q677371,3
wd:Q3831895,1
wd:Q1140419,2
wd:Q875998,1
wd:Q18111357,1
wd:Q13218212,0
wd:Q438358,0
wd:Q14508849,1
wd:Q5259583,1
wd:Q3098286,1
wd:Q5416718,1
wd:Q17125668,0
wd:Q675059,0
wd:Q463573,0
wd:Q7170688,1
wd:Q2247050,1
wd:Q1262732,1
wd:Q1922416,2
wd:Q1810738,0
wd:Q214724,1
wd:Q186131,66
wd:Q7374635,1
wd:Q3477288,0
wd:Q6484055,0
wd:Q7958,5
wd:Q265424,6
wd:Q20801678,2
wd:Q502672,0
wd:Q20020099,0
wd:Q1052390,1
wd:Q1460232,0
wd:Q911551,3
wd:Q61951,3
wd:Q762856,1
wd:Q787057,1
wd:Q244351,1
wd:Q26643,0
wd:Q1427245,0
wd:Q908892,0
wd:Q492779,0
wd:Q7447671,1
wd:Q6724440,1
wd:Q1544924,0
wd:Q5287468,0
wd:Q40555,2
wd:Q476743,1
wd:Q3012073,3
wd:Q193518,10
wd:Q199301,0
wd:Q20715189,2
wd:Q10952243,0
wd:Q468495,1
wd:Q6486803,1
wd:Q557450,2
wd:Q3136991,1
wd:Q2073487,0
wd:Q170124,7
wd:Q4422352,3
wd:Q847705,1
wd:Q3775662,2
wd:Q2446724,0
wd:Q1508277,0
wd:Q1854755,1
wd:Q1238731,1
wd:Q123637,1
wd:Q1411845,1
wd:Q230981,0
wd:Q767036,1
wd:Q1077064,19
wd:Q17142652,1
wd:Q689022,1
wd:Q3328772,0
wd:Q442709,0
wd:Q6821858,1
wd:Q1172354,2
wd:Q2461535,1
wd:Q10669858,0
wd:Q647160,1
wd:Q4115548,0
wd:Q2000218,1
wd:Q319622,0
wd:Q4966884,1
wd:Q2912198,1
wd:Q2060881,2
wd:Q5274065,1
wd:Q2578557,0
wd:Q827792,1
wd:Q1032176,1
wd:Q1242875,0
wd:Q5187190,2
wd:Q41927,1
wd:Q2593233,1
wd:Q1479544,0
wd:Q2217739,0
wd:Q130403,2
wd:Q185585,0
wd:Q3066141,1
wd:Q1907312,1
wd:Q352618,0
wd:Q7981274,0
wd:Q1096695,1
wd:Q2760628,1
wd:Q2279088,0
wd:Q7697095,0
wd:Q744894,2
wd:Q1330003,0
wd:Q3360632,13
wd:Q5377030,1
wd:Q10715829,0
wd:Q5278690,1
wd:Q2741122,0
wd:Q1143371,2
wd:Q2112502,0
wd:Q3569960,1
wd:Q2454987,1
wd:Q7269307,1
wd:Q1773840,1
wd:Q5159269,1
wd:Q6849688,0
wd:Q2289223,10
wd:Q1031365,1
wd:Q647578,0
wd:Q152416,2
wd:Q5340942,0
wd:Q864190,1
wd:Q778187,1
wd:Q3303500,2
wd:Q2481648,2
wd:Q827658,0
wd:Q1131294,15
wd:Q3935713,1
wd:Q1781552,0
wd:Q5227240,1
wd:Q134783,2
wd:Q6634155,2
wd:Q860741,1
wd:Q6825353,1
wd:Q864895,1
wd:Q478853,1
wd:Q2653441,0
wd:Q849953,0
wd:Q896403,1
wd:Q6637849,0
wd:Q193161,0
wd:Q16965797,2
wd:Q17164790,0
wd:Q273395,5
wd:Q835420,1
wd:Q1057397,0
wd:Q16872397,1
wd:Q5421695,0
wd:Q7210349,1
wd:Q2609272,1
wd:Q5254073,0
wd:Q5148597,1
wd:Q5110488,0
wd:Q7972881,0
wd:Q17122206,1
wd:Q609276,1
wd:Q3141064,0
wd:Q274502,0
wd:Q16252290,1
wd:Q7138670,1
wd:Q5165701,0
wd:Q419584,1
wd:Q5001711,1
wd:Q1231428,0
wd:Q167172,12
wd:Q459221,0
wd:Q12299851,3
wd:Q5283524,1
wd:Q1076893,0
wd:Q1260916,2
wd:Q1135939,1
wd:Q2006581,1
wd:Q1364447,1
wd:Q332988,3
wd:Q1247560,2
wd:Q59950,26
wd:Q5447138,1
wd:Q1365383,1
wd:Q5616327,1
wd:Q901922,1
wd:Q3333124,9
wd:Q1505148,0
wd:Q189279,7
wd:Q708399,2
wd:Q2276525,2
wd:Q1067958,8
wd:Q1366300,0
wd:Q3532236,0
wd:Q325980,0
wd:Q3800507,1
wd:Q3309962,1
wd:Q1194864,1
wd:Q4927168,1
wd:Q10681911,0
wd:Q641878,2
wd:Q7830214,2
wd:Q2593739,0
wd:Q1711347,0
wd:Q7081474,2
wd:Q7655015,3
wd:Q592230,0
wd:Q1773266,1
wd:Q926734,2
wd:Q3867028,1
wd:Q6646450,0
wd:Q39689,0
wd:Q2851776,0
wd:Q7441925,1
wd:Q7280485,0
wd:Q373691,1
wd:Q5939681,1
wd:Q1424692,1
wd:Q1643682,4
wd:Q575691,0
wd:Q2004969,1
wd:Q7229711,1
wd:Q878352,3
wd:Q2145286,1
wd:Q5133502,0
wd:Q1139400,1
wd:Q512641,1
wd:Q3215756,0
wd:Q4293186,0
wd:Q1378498,18
wd:Q2732957,0
wd:Q3699759,3
wd:Q870344,1
wd:Q1570700,0
wd:Q851775,1
wd:Q6679359,0
wd:Q1130571,0
wd:Q863531,2
wd:Q1752797,2
wd:Q1580257,1
wd:Q2917486,0
wd:Q7187943,10
wd:Q584041,1
wd:Q979617,6
wd:Q800101,11
wd:Q5555474,1
wd:Q1417134,1
wd:Q1070414,17
wd:Q11072992,4
wd:Q1518347,0
wd:Q3239094,1
wd:Q1071160,1
wd:Q17121756,0
wd:Q4121856,1
wd:Q654182,1
wd:Q12981895,0
wd:Q834933,0
wd:Q8269924,11
wd:Q520032,0
wd:Q25661,0
wd:Q515895,0
wd:Q368779,0
wd:Q3568190,2
wd:Q1049254,0
wd:Q335778,0
wd:Q1964083,0
wd:Q477379,2
wd:Q757722,0
wd:Q1368743,0
wd:Q836862,1
wd:Q16978152,1
wd:Q1582987,1
wd:Q2250276,1
wd:Q494002,4
wd:Q2575688,1
wd:Q492886,1
wd:Q18209559,0
wd:Q1316667,0
wd:Q116872,2
wd:Q7782435,1
wd:Q64403,0
wd:Q6022229,1
wd:Q1896571,1
wd:Q3346517,1
wd:Q651531,1
wd:Q196939,1
wd:Q1780867,0
wd:Q5178970,0
wd:Q386853,0
wd:Q579440,1
wd:Q2632731,0
wd:Q178564,2
wd:Q856655,4
wd:Q2613972,10
wd:Q17130742,0
wd:Q1172466,0
wd:Q770480,0
wd:Q160569,0
wd:Q1898184,2
wd:Q1315911,1
wd:Q651476,15
wd:Q3236990,0
wd:Q382454,3
wd:Q4903305,0
wd:Q193203,1
wd:Q1155908,0
wd:Q3065317,0
wd:Q1592877,1
wd:Q1192403,1
wd:Q999897,1
wd:Q558591,3
wd:Q4733626,1
wd:Q1349983,13
wd:Q1363153,0
wd:Q1949268,2
wd:Q210369,0
wd:Q2563658,1
wd:Q1427028,2
wd:Q454263,2
wd:Q1472602,0
wd:Q1565052,1
wd:Q22908936,1
wd:Q4131496,0
wd:Q1693153,2
wd:Q5533772,1
wd:Q93586,0
wd:Q180394,0
wd:Q568225,2
wd:Q7311219,0
wd:Q187360,0
wd:Q847887,0
wd:Q4129855,1
wd:Q849175,1
wd:Q515371,0
wd:Q31110,0
wd:Q4381136,0
wd:Q1127296,24
wd:Q606876,1
wd:Q1097859,0
wd:Q1260003,0
wd:Q678883,3
wd:Q1433067,1
wd:Q773108,1
wd:Q8250483,4
wd:Q1065052,0
wd:Q489632,1
wd:Q136980,1
wd:Q936597,0
wd:Q6034208,1
wd:Q1128023,7
wd:Q507187,1
wd:Q6311682,5
wd:Q1377126,1
wd:Q612102,349
wd:Q4856009,2
wd:Q192907,5
wd:Q5380863,0
wd:Q5204199,1
wd:Q179551,16
wd:Q10817984,1
wd:Q3592613,0
wd:Q49908,0
wd:Q7113617,0
wd:Q827023,0
wd:Q1680700,2
wd:Q1446173,0
wd:Q5059994,1
wd:Q309070,0
wd:Q693004,1
wd:Q3222002,1
wd:Q1247867,1
wd:Q16880239,0
wd:Q5772804,1
wd:Q567586,0
wd:Q1570349,0
wd:Q334823,1
wd:Q3001795,0
wd:Q6085265,1
wd:Q3653994,1
wd:Q1668211,2
wd:Q1132870,0
wd:Q1738927,1
wd:Q1284788,0
wd:Q922448,18
wd:Q3299309,0
wd:Q208145,3
wd:Q1058801,0
wd:Q6934955,1
wd:Q844054,7
wd:Q1489259,0
wd:Q185553,0
wd:Q2359118,0
wd:Q837900,1
wd:Q911932,1
wd:Q122224,1
wd:Q2920860,23
wd:Q1604791,0
wd:Q745404,4
wd:Q192842,0
wd:Q5669966,1
wd:Q1069928,1
wd:Q719642,1
wd:Q5259487,0
wd:Q906066,1
wd:Q266134,1
wd:Q574922,1
wd:Q5183590,19
wd:Q637703,0
wd:Q1527264,1
wd:Q3545649,1
wd:Q1056901,0
wd:Q5196479,1
wd:Q5579550,1
wd:Q188672,1
wd:Q1198122,2
wd:Q1123417,1
wd:Q6935057,0
wd:Q4764945,0
wd:Q1259977,2
wd:Q1283235,1
wd:Q550068,0
wd:Q1629330,0
wd:Q207714,0
wd:Q489628,1
wd:Q217422,1
wd:Q5100181,1
wd:Q1627346,6
wd:Q726686,1
wd:Q5532632,0
wd:Q7837528,0
wd:Q189951,0
wd:Q2949180,53
wd:Q11294156,1
wd:Q194070,2
wd:Q1853245,1
wd:Q1020767,4
wd:Q336751,1
wd:Q206945,1
wd:Q997621,3
wd:Q1683305,3
wd:Q7360654,0
wd:Q902873,0
wd:Q1053211,0
wd:Q3197706,84
wd:Q1155264,0
wd:Q18149007,3
wd:Q7295719,1
wd:Q1996993,3
wd:Q1125215,0
wd:Q606672,1
wd:Q3538865,1
wd:Q3246417,1
wd:Q7246302,1
wd:Q17164721,0
wd:Q1433985,1
wd:Q2949278,1
wd:Q4801212,1
wd:Q835713,0
wd:Q1478451,0
wd:Q14167904,1
wd:Q620737,1
wd:Q7258079,1
wd:Q3831140,0
wd:Q7603973,1
wd:Q5502885,0
wd:Q3769366,5
wd:Q752193,0
wd:Q2442735,2
wd:Q370735,0
wd:Q1311092,1
wd:Q11162356,0
wd:Q1514186,0
wd:Q7246799,1
wd:Q1272711,1
wd:Q1185804,0
wd:Q2751097,0
wd:Q1113550,1
wd:Q173907,1
wd:Q944828,0
wd:Q1574228,1
wd:Q172623,0
wd:Q7531261,1
wd:Q179310,0
wd:Q1441983,0
wd:Q3393343,14
wd:Q18733,0
wd:Q7075538,0
wd:Q15842515,16
wd:Q18358325,1
wd:Q221696,2
wd:Q1439639,1
wd:Q4176366,4
wd:Q1054240,1
wd:Q1517875,3
wd:Q725453,1
wd:Q2738617,0
wd:Q1154226,0
wd:Q5177956,1
wd:Q161500,1
wd:Q14791028,1
wd:Q5493815,1
wd:Q1786572,0
wd:Q2078706,1
wd:Q2367613,1
wd:Q1959427,15
wd:Q3127570,1
wd:Q6022906,0
