item,noSubClasses
wd:Q193760,1
wd:Q214267,2
wd:Q7635394,3
wd:Q16056640,0
wd:Q834007,1
wd:Q29149925,0
wd:Q5602916,0
wd:Q498508,1
wd:Q713493,3
wd:Q7825049,1
wd:Q27905,0
wd:Q2561317,1
wd:Q1165103,1
wd:Q3508687,0
wd:Q471702,6
wd:Q4364435,1
wd:Q7431132,0
wd:Q5196456,0
wd:Q1200314,1
wd:Q2553861,1
wd:Q988456,2
wd:Q7554354,0
wd:Q2662841,0
wd:Q7865904,0
wd:Q180362,1
wd:Q7397372,0
wd:Q13222844,0
wd:Q739589,13
wd:Q16976295,0
wd:Q190489,1
wd:Q635767,0
wd:Q2166448,1
wd:Q4832012,0
wd:Q2735971,1
wd:Q1135221,5
wd:Q7489831,0
wd:Q2301073,0
wd:Q4173974,3
wd:Q5249245,1
wd:Q83809,1
wd:Q5165448,1
wd:Q204043,0
wd:Q1074090,0
wd:Q17106089,1
wd:Q7972831,0
wd:Q7628401,0
wd:Q845060,4
wd:Q1361583,0
wd:Q839018,0
wd:Q763501,0
wd:Q1032349,1
wd:Q3125207,0
wd:Q676024,1
wd:Q7435308,1
wd:Q5468420,2
wd:Q18757,2
wd:Q899681,0
wd:Q17122930,0
wd:Q6746692,1
wd:Q3575768,0
wd:Q6656244,2
wd:Q4818230,1
wd:Q308881,1
wd:Q1064441,1
wd:Q16839444,0
wd:Q1067203,1
wd:Q1754327,0
wd:Q4311738,2
wd:Q858496,0
wd:Q17086996,0
wd:Q15972949,0
wd:Q13455560,0
wd:Q2250008,1
wd:Q1967218,1
wd:Q7941026,0
wd:Q2891405,0
wd:Q1400734,0
wd:Q16154661,0
wd:Q192852,1
wd:Q429049,1
wd:Q2620655,0
wd:Q5183758,0
wd:Q199388,2
wd:Q422584,1
wd:Q43518,3
wd:Q185698,4
wd:Q529637,2
wd:Q1321919,0
wd:Q581809,0
wd:Q2070184,0
wd:Q2835766,0
wd:Q13551889,2
wd:Q763956,0
wd:Q6503275,0
wd:Q7315461,0
wd:Q2055141,0
wd:Q184377,6
wd:Q6708227,0
wd:Q3434454,0
wd:Q934433,0
wd:Q6823858,0
wd:Q2488579,2
wd:Q885115,0
wd:Q3007454,1
wd:Q2045669,1
wd:Q534131,1
wd:Q3951828,0
wd:Q1550232,0
wd:Q786484,2
wd:Q1306022,0
wd:Q339180,17
wd:Q835023,1
wd:Q7658863,0
wd:Q1178984,1
wd:Q7318358,0
wd:Q380170,2
wd:Q2646130,1
wd:Q5629930,1
wd:Q611946,0
wd:Q734236,0
wd:Q305016,0
wd:Q1959404,0
wd:Q6918351,2
wd:Q3737909,0
wd:Q2415537,1
wd:Q7077160,1
wd:Q511733,1
wd:Q1364467,1
wd:Q25038162,0
wd:Q2733083,0
wd:Q2945640,0
wd:Q5413443,0
wd:Q318869,0
wd:Q2299007,0
wd:Q3561179,1
wd:Q1521634,0
wd:Q131925,2
wd:Q356648,1
wd:Q1270126,0
wd:Q1401536,1
wd:Q1427914,0
wd:Q6731162,0
wd:Q2883346,0
wd:Q1758095,1
wd:Q163967,0
wd:Q1523627,0
wd:Q1761269,0
wd:Q1341702,0
wd:Q3506963,0
wd:Q12880215,5
wd:Q230533,1
wd:Q1964223,0
wd:Q5422725,0
wd:Q474187,1
wd:Q694131,4
wd:Q185369,1
wd:Q1991663,2
wd:Q6501106,1
wd:Q181767,9
wd:Q1220872,0
wd:Q855743,0
wd:Q2306510,1
wd:Q1416310,0
wd:Q3931974,0
wd:Q2916245,1
wd:Q302152,1
wd:Q860947,1
wd:Q2992545,1
wd:Q3561963,0
wd:Q1513250,0
wd:Q5119003,0
wd:Q29407,0
wd:Q2565355,0
wd:Q2356542,2
wd:Q4879524,0
wd:Q1785609,0
wd:Q757232,1
wd:Q7171483,0
wd:Q676108,1
wd:Q3872,1
wd:Q4146702,0
wd:Q358404,1
wd:Q1126769,4
wd:Q849032,2
wd:Q1571949,1
wd:Q1777684,0
wd:Q747810,3
wd:Q14472286,0
wd:Q1068640,0
wd:Q687031,3
wd:Q4672500,1
wd:Q1888611,0
wd:Q128367,6
wd:Q1303061,0
wd:Q1023377,0
wd:Q329273,1
wd:Q2125374,1
wd:Q559065,0
wd:Q15900779,0
wd:Q1104185,1
wd:Q2717322,0
wd:Q1893282,0
wd:Q1632297,1
wd:Q3128632,0
wd:Q1149963,0
wd:Q331353,0
wd:Q173245,1
wd:Q1363275,0
wd:Q3540209,0
wd:Q1322614,0
wd:Q1822655,1
wd:Q509037,0
wd:Q1081004,0
wd:Q2995432,0
wd:Q1509590,0
wd:Q18350832,0
wd:Q12354166,2
wd:Q304618,1
wd:Q3781304,0
wd:Q1232148,0
wd:Q263809,2
wd:Q201833,2
wd:Q1476232,0
wd:Q5519945,1
wd:Q5450355,1
wd:Q774583,1
wd:Q842813,2
wd:Q6950379,0
wd:Q156112,0
wd:Q5458967,1
wd:Q633620,1
wd:Q47657,6
wd:Q908908,0
wd:Q1570373,0
wd:Q745090,1
wd:Q163021,0
wd:Q842206,1
wd:Q1558681,1
wd:Q7281038,0
wd:Q6418097,0
wd:Q688385,0
wd:Q1064975,1
wd:Q484318,0
wd:Q6503489,0
wd:Q877979,0
wd:Q5889850,0
wd:Q2954947,0
wd:Q13100823,1
wd:Q6867355,1
wd:Q840343,1
wd:Q7333303,0
wd:Q1637005,0
wd:Q7001060,0
wd:Q387318,0
wd:Q850692,0
wd:Q725417,1
wd:Q173106,1
wd:Q706848,1
wd:Q5281760,0
wd:Q7430243,0
wd:Q1027298,1
wd:Q7189622,1
wd:Q2885682,1
wd:Q1851434,4
wd:Q1542864,0
wd:Q1156822,2
wd:Q3041327,1
wd:Q1438124,1
wd:Q60378,0
wd:Q9008551,2
wd:Q500348,0
wd:Q1094528,0
wd:Q6731566,0
wd:Q332285,0
wd:Q7673109,0
wd:Q3275749,0
wd:Q485537,7
wd:Q846929,1
wd:Q1147354,0
wd:Q747746,0
wd:Q2138304,8
wd:Q5438144,0
wd:Q3057802,0
wd:Q340015,1
wd:Q2076599,0
wd:Q3026419,1
wd:Q959163,0
wd:Q1751445,1
wd:Q5138208,1
wd:Q428632,4
wd:Q426394,0
wd:Q363404,1
wd:Q956085,2
wd:Q190132,2
wd:Q205046,0
wd:Q5185343,1
wd:Q5283901,1
wd:Q3635472,1
wd:Q276099,1
wd:Q717122,0
wd:Q694118,12
wd:Q332985,1
wd:Q1153773,3
wd:Q1144170,0
wd:Q18957,1
wd:Q7624088,0
wd:Q308859,2
wd:Q986909,1
wd:Q17015388,0
wd:Q2639207,0
wd:Q819049,0
wd:Q7225120,0
wd:Q212108,3
wd:Q424494,1
wd:Q1069280,1
wd:Q898370,1
wd:Q1172477,0
wd:Q3072558,0
wd:Q1662670,0
wd:Q4613441,1
wd:Q863575,0
wd:Q653345,0
wd:Q3935748,0
wd:Q1394451,1
wd:Q692218,3
wd:Q5602027,5
wd:Q629029,1
wd:Q208128,0
wd:Q943898,0
wd:Q182875,0
wd:Q1203383,1
wd:Q1667082,2
wd:Q1093522,2
wd:Q1385001,0
wd:Q1049923,1
wd:Q1164432,0
wd:Q1109562,0
wd:Q7513684,0
wd:Q3565078,5
wd:Q636027,6
wd:Q837313,1
wd:Q10858068,1
wd:Q827688,1
wd:Q899232,1
wd:Q683732,1
wd:Q4925872,0
wd:Q16001535,3
wd:Q450539,0
wd:Q1749879,1
wd:Q466449,0
wd:Q1139917,0
wd:Q747779,0
wd:Q3075310,3
wd:Q847536,0
wd:Q2290944,0
wd:Q1191519,2
wd:Q2986423,1
wd:Q4997551,1
wd:Q1576430,1
wd:Q903282,1
wd:Q6057169,0
wd:Q18160232,1
wd:Q7257997,0
wd:Q7448137,1
wd:Q465503,0
wd:Q219625,1
wd:Q3236487,1
wd:Q1192317,0
wd:Q357789,1
wd:Q656784,1
wd:Q3041123,0
wd:Q652289,0
wd:Q4686479,0
wd:Q3523879,1
wd:Q1187724,1
wd:Q2859736,0
wd:Q5451695,11
wd:Q1668074,0
wd:Q7950347,0
wd:Q4384456,0
wd:Q1088161,1
wd:Q1182135,1
wd:Q4116106,1
wd:Q2920329,0
wd:Q255731,1
wd:Q1465703,0
wd:Q1981640,0
wd:Q23055573,0
wd:Q749400,1
wd:Q1484064,0
wd:Q3707847,1
wd:Q1516291,1
wd:Q1330821,0
wd:Q5317357,0
wd:Q1999580,1
wd:Q4839577,0
wd:Q3308639,0
wd:Q263443,0
wd:Q7302601,1
wd:Q842072,0
wd:Q1112254,0
wd:Q845214,2
wd:Q2626671,0
wd:Q649499,0
wd:Q5469877,1
wd:Q574613,1
wd:Q1430789,4
wd:Q1754555,1
wd:Q190258,1
wd:Q1144504,1
wd:Q9178218,0
wd:Q1574438,0
wd:Q5381546,1
wd:Q2526135,28
wd:Q928812,0
wd:Q3269441,5
wd:Q544736,1
wd:Q655593,0
wd:Q2994640,1
wd:Q1572403,0
wd:Q4774344,0
wd:Q3519388,0
wd:Q5062052,1
wd:Q17079911,0
wd:Q1200992,0
wd:Q243237,1
wd:Q1349660,1
wd:Q837721,2
wd:Q933382,3
wd:Q838625,0
wd:Q4420941,0
wd:Q210978,1
wd:Q4114753,0
wd:Q372001,2
wd:Q4202184,0
wd:Q1202243,0
wd:Q6815577,0
wd:Q1513223,0
wd:Q3376141,0
wd:Q1136404,0
wd:Q1899048,0
wd:Q368312,0
wd:Q3943927,0
wd:Q4352447,1
wd:Q3775122,0
wd:Q5001927,1
wd:Q42008,0
wd:Q1076557,2
wd:Q1742093,3
wd:Q831047,0
wd:Q3408901,1
wd:Q2435085,1
wd:Q4503831,5
wd:Q143470,0
wd:Q3518405,1
wd:Q927431,1
wd:Q1572895,1
wd:Q4290565,0
wd:Q7245071,1
wd:Q7134956,1
wd:Q1156976,2
wd:Q461499,0
wd:Q5146583,0
wd:Q191110,0
wd:Q15059635,1
wd:Q1154909,0
wd:Q289891,3
wd:Q1075009,1
wd:Q23047376,1
wd:Q5381254,0
wd:Q7912786,1
wd:Q184716,1
wd:Q1527595,1
wd:Q4852446,0
wd:Q4149604,0
wd:Q1706492,1
wd:Q1202146,0
wd:Q3030775,1
wd:Q20642576,0
wd:Q216817,0
wd:Q7226618,1
wd:Q3558349,1
wd:Q1369310,1
wd:Q566689,1
wd:Q5382723,3
wd:Q5255888,0
wd:Q62955,0
wd:Q7564106,0
wd:Q7299618,0
wd:Q707896,1
wd:Q3228623,1
wd:Q7315175,0
wd:Q7864937,0
wd:Q25323710,0
wd:Q133766,0
wd:Q915026,1
wd:Q19902110,0
wd:Q629882,0
wd:Q13440398,1
wd:Q170451,13
wd:Q2314176,1
wd:Q154365,2
wd:Q374259,6
wd:Q81659,3
wd:Q2466334,1
wd:Q5154924,0
wd:Q366732,1
wd:Q7880416,0
wd:Q172861,0
wd:Q1204361,1
wd:Q3625100,1
wd:Q3305298,0
wd:Q7248116,1
wd:Q192886,1
wd:Q427085,0
wd:Q192696,2
wd:Q552994,3
wd:Q21162481,1
wd:Q816871,3
wd:Q747478,0
wd:Q351119,0
wd:Q58748,0
wd:Q622601,2
wd:Q192089,5
wd:Q1647939,1
wd:Q3394670,0
wd:Q5265707,0
wd:Q224107,1
wd:Q4386797,0
wd:Q7200276,0
wd:Q201936,1
wd:Q522560,0
wd:Q44311,1
wd:Q12912864,1
wd:Q4851250,0
wd:Q2116384,0
wd:Q334765,0
wd:Q787282,1
wd:Q5193357,0
wd:Q1485102,1
wd:Q191903,0
wd:Q920600,2
wd:Q7860947,0
wd:Q6823697,0
wd:Q907574,1
wd:Q1498213,1
wd:Q2292993,2
wd:Q11142797,0
wd:Q614394,1
wd:Q7879841,1
wd:Q6749571,5
wd:Q1414356,1
wd:Q1229600,0
wd:Q7258780,0
wd:Q273610,0
wd:Q253897,1
wd:Q3318236,1
wd:Q1137656,5
wd:Q6732892,0
wd:Q471857,1
wd:Q1896787,0
wd:Q1229735,0
wd:Q1323709,1
wd:Q1714250,2
wd:Q1612699,1
wd:Q3328738,1
wd:Q1071659,1
wd:Q3691256,0
wd:Q213096,2
wd:Q4145423,0
wd:Q2629736,0
wd:Q1142340,0
wd:Q7834916,0
wd:Q1686000,2
wd:Q467687,0
wd:Q1760222,0
wd:Q1413962,0
wd:Q117987,0
wd:Q764805,0
wd:Q5610968,0
wd:Q1780146,0
wd:Q5157524,1
wd:Q322229,0
wd:Q2005597,1
wd:Q7094100,1
wd:Q1476938,0
wd:Q2404958,0
wd:Q7225130,0
wd:Q15788,9
wd:Q496188,1
wd:Q175234,0
wd:Q12411192,0
wd:Q7598359,1
wd:Q13048280,1
wd:Q7100755,4
wd:Q1413128,1
wd:Q2248740,0
wd:Q386077,0
wd:Q58929,1
wd:Q15402063,0
wd:Q328616,0
wd:Q3399648,2
wd:Q260899,9
wd:Q2072447,1
wd:Q809898,1
wd:Q27406,0
wd:Q3271199,0
wd:Q944672,0
wd:Q7595782,0
wd:Q489750,1
wd:Q5136675,1
wd:Q184452,0
wd:Q2047589,0
wd:Q17063033,0
wd:Q5175548,0
wd:Q7225228,0
wd:Q3482346,1
wd:Q8143062,0
wd:Q16908765,1
wd:Q1390062,0
wd:Q8031194,0
wd:Q1458711,1
wd:Q1622602,1
wd:Q689095,4
wd:Q797551,0
wd:Q841090,2
wd:Q699462,1
wd:Q1165721,0
wd:Q1337691,2
wd:Q1142188,2
wd:Q6470127,0
wd:Q669585,0
wd:Q7458519,0
wd:Q315630,5
wd:Q835803,0
wd:Q3887334,0
wd:Q3151851,0
wd:Q15738686,0
wd:Q2917873,1
wd:Q505748,2
wd:Q4752916,0
wd:Q10283002,1
wd:Q18695611,2
wd:Q759769,0
wd:Q3536503,0
wd:Q246143,0
wd:Q1781513,19
wd:Q2823722,0
wd:Q547605,1
wd:Q7541579,0
wd:Q108810,1
wd:Q5421693,0
wd:Q14371213,0
wd:Q7210347,0
wd:Q1218265,1
wd:Q3020028,0
wd:Q1294114,1
wd:Q549635,1
wd:Q223681,0
wd:Q2300560,3
wd:Q5753139,0
wd:Q10871971,0
wd:Q204244,1
wd:Q641973,2
wd:Q457931,0
wd:Q4135516,0
wd:Q41958,0
wd:Q2593264,0
wd:Q1335907,0
wd:Q1151934,0
wd:Q2534469,0
wd:Q958775,0
wd:Q16172899,1
wd:Q1383946,0
wd:Q168417,1
wd:Q1523267,1
wd:Q20826906,0
wd:Q544041,0
wd:Q4818019,0
wd:Q2610391,0
wd:Q354869,0
wd:Q917418,0
wd:Q967352,0
wd:Q1760728,4
wd:Q1019917,1
wd:Q241996,0
wd:Q4960291,0
wd:Q1609437,0
wd:Q682871,0
wd:Q4867754,1
wd:Q227477,0
wd:Q2346630,0
wd:Q7623560,1
wd:Q372948,1
wd:Q1498464,0
wd:Q209672,0
wd:Q626268,1
wd:Q4161250,0
wd:Q1513048,1
wd:Q21005,6
wd:Q7922848,1
wd:Q2640329,0
wd:Q863349,2
wd:Q579600,4
wd:Q11626933,0
wd:Q4114763,0
wd:Q353163,1
wd:Q783287,0
wd:Q1674651,1
wd:Q7831478,1
wd:Q18208050,1
wd:Q2746700,0
wd:Q269107,1
wd:Q2621792,1
wd:Q3436550,0
wd:Q6723711,1
wd:Q2635635,3
wd:Q2341329,0
wd:Q1198713,0
wd:Q247700,0
wd:Q6047650,0
wd:Q620113,0
wd:Q26090,0
wd:Q7659073,0
wd:Q624780,1
wd:Q759815,1
wd:Q3534121,1
wd:Q290759,0
wd:Q840692,1
wd:Q2374515,1
wd:Q7075109,1
wd:Q3044530,0
wd:Q2112436,0
wd:Q7281192,0
wd:Q3360529,1
wd:Q353673,1
wd:Q4166172,0
wd:Q1088927,0
wd:Q7257998,0
wd:Q5451561,1
wd:Q6483831,0
wd:Q757382,2
wd:Q21050962,0
wd:Q17086163,0
wd:Q19829510,5
wd:Q17098338,0
wd:Q16251533,1
wd:Q1315251,1
wd:Q16246084,0
wd:Q7915780,0
wd:Q169956,0
wd:Q2364784,1
wd:Q7492302,1
wd:Q1754598,0
wd:Q1779692,0
wd:Q6005469,1
wd:Q842870,0
wd:Q363948,2
wd:Q2277510,4
wd:Q696937,0
wd:Q7203108,0
wd:Q17154617,0
wd:Q1138899,0
wd:Q1051522,0
wd:Q650250,1
wd:Q1355195,0
wd:Q18378426,1
wd:Q3724174,1
wd:Q42278,4
wd:Q16969721,0
wd:Q898362,1
wd:Q5340969,0
wd:Q875399,2
wd:Q266790,0
wd:Q367831,0
wd:Q4923459,1
wd:Q1136999,0
wd:Q16948788,0
wd:Q15496340,0
wd:Q12786121,15
wd:Q4462424,1
wd:Q2282469,2
wd:Q15489667,0
wd:Q1625040,3
wd:Q1610966,9
wd:Q6466879,0
wd:Q140732,2
wd:Q858321,0
wd:Q989120,1
wd:Q16950488,1
wd:Q5368307,0
wd:Q3699460,0
wd:Q950799,4
wd:Q1131696,3
wd:Q863372,1
wd:Q1151068,1
wd:Q327069,0
wd:Q829348,2
wd:Q1893126,0
wd:Q1478338,1
wd:Q16918164,0
wd:Q4114147,0
wd:Q764912,1
wd:Q3293439,1
wd:Q1870403,0
wd:Q1103487,0
wd:Q1421330,0
wd:Q424579,0
wd:Q4682549,0
wd:Q2386338,0
wd:Q565276,1
wd:Q1292520,1
wd:Q5586091,0
wd:Q13422881,4
wd:Q2736168,0
wd:Q508719,0
wd:Q1054581,0
wd:Q1046351,1
wd:Q902750,1
wd:Q8018506,0
wd:Q2951366,0
wd:Q7354812,0
wd:Q1366002,0
wd:Q5190563,2
wd:Q947546,0
wd:Q4128384,0
wd:Q7578061,1
wd:Q833490,0
wd:Q5368817,0
wd:Q4696614,1
wd:Q213541,0
wd:Q353284,1
wd:Q2145270,1
wd:Q5578946,0
wd:Q645143,0
wd:Q786829,0
wd:Q161081,1
wd:Q2611907,2
wd:Q3513591,1
wd:Q745129,0
wd:Q249565,0
wd:Q1267055,0
wd:Q6045361,1
wd:Q5656403,1
wd:Q1051175,1
wd:Q1360677,0
wd:Q382735,1
wd:Q5163480,0
wd:Q1070955,0
wd:Q2513470,0
wd:Q6190072,0
wd:Q969804,1
wd:Q1878023,1
wd:Q3345491,0
wd:Q4388753,1
wd:Q1458216,0
wd:Q682153,1
wd:Q5266741,1
wd:Q10968259,0
wd:Q7310068,4
wd:Q5178969,0
wd:Q627093,1
wd:Q1322810,0
wd:Q423026,0
wd:Q336119,0
wd:Q81697,0
wd:Q866298,1
wd:Q827026,1
wd:Q1940122,1
wd:Q2891097,3
wd:Q7535393,4
wd:Q178803,1
wd:Q2912966,0
wd:Q15699657,0
wd:Q5509032,6
wd:Q836661,1
wd:Q1530195,2
wd:Q1500906,1
wd:Q837185,1
wd:Q1335351,0
wd:Q5448091,1
wd:Q2425187,0
wd:Q760125,1
wd:Q4774943,1
wd:Q610757,2
wd:Q49906,1
wd:Q1155596,0
wd:Q7295721,0
wd:Q9161188,1
wd:Q13928914,1
wd:Q3817528,0
wd:Q1509884,0
wd:Q31011,1
wd:Q273088,1
wd:Q1419626,2
wd:Q182116,1
wd:Q3519050,3
wd:Q1814941,0
wd:Q3516029,1
wd:Q961356,1
wd:Q636427,1
wd:Q901847,0
wd:Q17004438,6
wd:Q942787,0
wd:Q1059740,0
wd:Q1671839,1
wd:Q5358570,0
wd:Q2387515,0
wd:Q6151065,0
wd:Q12688575,1
wd:Q763244,0
wd:Q1276556,0
wd:Q221911,2
wd:Q843478,1
wd:Q4684561,2
wd:Q2364483,1
wd:Q210603,0
wd:Q16149491,1
wd:Q177784,1
wd:Q7307705,1
wd:Q2295204,0
wd:Q335303,0
wd:Q1296024,3
wd:Q7204920,4
wd:Q152234,3
wd:Q192270,0
wd:Q7371361,0
wd:Q6665704,1
wd:Q7635378,0
wd:Q133475,1
wd:Q219872,0
wd:Q7379041,1
wd:Q241741,14
wd:Q58702,2
wd:Q1251001,1
wd:Q571709,0
wd:Q12858816,0
wd:Q935362,0
wd:Q955957,3
wd:Q1093445,2
wd:Q525073,1
wd:Q6022533,0
wd:Q2266263,2
wd:Q869713,0
wd:Q5166238,0
wd:Q16505822,1
wd:Q901610,0
wd:Q280559,0
wd:Q4217103,0
wd:Q3270773,1
wd:Q8041664,0
wd:Q131765,1
wd:Q4674287,1
wd:Q2086008,2
wd:Q5642704,0
wd:Q465088,1
wd:Q1621783,0
wd:Q7805429,0
wd:Q6707256,0
wd:Q1216982,6
wd:Q1228967,1
wd:Q210868,1
wd:Q5164338,0
wd:Q933235,0
wd:Q913572,0
wd:Q906899,0
wd:Q15063219,1
wd:Q874342,0
wd:Q7603976,0
wd:Q227505,1
wd:Q2451922,0
wd:Q25340358,3
wd:Q735485,0
wd:Q1900281,2
wd:Q1903785,1
wd:Q611322,1
wd:Q203290,0
wd:Q302562,0
wd:Q1890958,1
wd:Q679633,0
wd:Q3114657,0
wd:Q4794288,1
wd:Q5477533,1
wd:Q231425,7
wd:Q17156814,0
wd:Q1198538,0
wd:Q3217284,0
wd:Q856292,1
wd:Q3063341,0
wd:Q610001,0
wd:Q1365679,0
wd:Q489371,0
wd:Q3176665,0
wd:Q3308979,1
wd:Q1424306,1
wd:Q3244705,0
wd:Q5419294,0
wd:Q1547148,1
wd:Q3345348,0
wd:Q816441,1
wd:Q1790740,1
wd:Q518020,1
wd:Q1135882,0
wd:Q849994,3
wd:Q2351326,2
wd:Q6664588,0
wd:Q1289848,0
wd:Q836365,0
wd:Q2001056,1
wd:Q753623,1
wd:Q1418690,1
wd:Q1627377,1
wd:Q4764939,1
wd:Q29205,1
wd:Q275447,2
wd:Q904197,0
wd:Q1054011,1
wd:Q2654571,2
wd:Q242256,0
wd:Q1099549,1
wd:Q7239271,0
wd:Q815825,1
wd:Q7623056,0
wd:Q2247133,0
wd:Q1649571,1
wd:Q628261,0
wd:Q2881374,16
wd:Q9089593,0
wd:Q3523908,1
wd:Q1276487,0
wd:Q272870,3
wd:Q2348536,0
wd:Q5937752,1
wd:Q121769,4
wd:Q191645,1
wd:Q538175,1
wd:Q219409,0
wd:Q370219,1
wd:Q1887075,1
wd:Q7093592,0
wd:Q1505189,1
wd:Q349856,1
wd:Q741218,0
wd:Q5166414,1
wd:Q4801243,0
wd:Q3952743,1
wd:Q169359,0
wd:Q1808129,0
wd:Q1255377,0
wd:Q900642,0
wd:Q5162901,0
wd:Q4866666,0
wd:Q914105,1
wd:Q1250390,0
wd:Q4576564,2
wd:Q3152279,1
wd:Q7309249,0
wd:Q6372,0
wd:Q5519970,0
wd:Q6023558,0
wd:Q5368739,0
wd:Q897056,0
wd:Q303132,0
wd:Q1965979,0
wd:Q1065927,1
wd:Q785657,0
wd:Q171180,0
wd:Q5242940,0
wd:Q4323994,4
wd:Q191928,0
wd:Q2862119,0
wd:Q10552196,0
wd:Q3367403,0
wd:Q233762,3
wd:Q1499591,0
wd:Q6027821,0
wd:Q53744,0
wd:Q6583066,0
wd:Q1415372,2
wd:Q2072471,1
wd:Q358652,1
wd:Q2423459,0
wd:Q5074423,0
wd:Q778612,4
wd:Q617593,0
wd:Q553079,2
wd:Q13211826,0
wd:Q1701924,1
wd:Q746515,0
wd:Q170337,1
wd:Q989265,0
wd:Q1141276,1
wd:Q910768,1
wd:Q332903,0
wd:Q1385360,0
wd:Q672788,1
wd:Q7458580,1
wd:Q1266546,0
wd:Q904206,2
wd:Q918448,1
wd:Q562125,1
wd:Q858049,1
wd:Q21136,2
wd:Q4859618,0
wd:Q3950366,1
wd:Q932410,0
wd:Q11344830,0
wd:Q7605380,0
wd:Q1027114,0
wd:Q3935703,0
wd:Q7680364,0
wd:Q14659607,0
wd:Q7144954,0
wd:Q2135382,0
wd:Q638949,1
wd:Q55505,2
wd:Q162908,2
wd:Q446087,0
wd:Q2566803,0
wd:Q3152932,0
wd:Q5914418,1
wd:Q7292750,0
wd:Q8062662,0
wd:Q697327,4
wd:Q3072490,0
wd:Q1368367,1
wd:Q506259,1
wd:Q3006330,0
wd:Q2031017,1
wd:Q1472138,0
wd:Q740578,1
wd:Q960522,0
wd:Q1041282,1
wd:Q947686,0
wd:Q432392,2
wd:Q3488818,1
wd:Q10810201,1
wd:Q1642833,5
wd:Q3652329,0
wd:Q548478,4
wd:Q635195,1
wd:Q1471749,2
wd:Q7998161,0
wd:Q1053933,0
wd:Q2074172,0
wd:Q7908033,1
wd:Q268617,3
wd:Q1587588,1
wd:Q3245113,1
wd:Q759524,1
wd:Q651118,0
wd:Q15910804,0
wd:Q61070,1
wd:Q358648,0
wd:Q1734578,1
wd:Q1029878,0
wd:Q5624219,1
wd:Q1493627,0
wd:Q902019,1
wd:Q16978439,1
wd:Q761414,1
wd:Q215067,0
wd:Q352409,0
wd:Q905592,0
wd:Q16056486,1
wd:Q2069922,1
wd:Q794587,0
wd:Q5276039,1
wd:Q17064699,0
wd:Q7456926,0
wd:Q7210274,0
wd:Q6002851,1
wd:Q2298050,0
wd:Q15729215,0
wd:Q5137802,0
wd:Q1630941,1
wd:Q10927834,2
wd:Q5469077,0
wd:Q1202245,2
wd:Q7309420,0
wd:Q16740861,1
wd:Q578290,0
wd:Q5465095,0
wd:Q618678,3
wd:Q163552,1
wd:Q3470206,1
wd:Q1777144,1
wd:Q4782813,0
wd:Q1688468,19
wd:Q1322478,1
wd:Q1048387,1
wd:Q16941540,0
wd:Q6664240,0
wd:Q1053266,1
wd:Q1474636,1
wd:Q706122,0
wd:Q5189198,0
wd:Q925385,1
wd:Q5185976,0
wd:Q627344,0
wd:Q19018468,1
wd:Q216893,0
wd:Q1630279,0
wd:Q7309138,0
wd:Q15846555,1
wd:Q898419,2
wd:Q8031135,0
wd:Q4638793,0
wd:Q7302863,0
wd:Q1054545,0
wd:Q7538578,1
wd:Q1047409,0
wd:Q1956265,0
wd:Q3480271,0
wd:Q1508666,0
wd:Q6826048,1
wd:Q2626534,3
wd:Q5378597,0
wd:Q744778,1
wd:Q4112660,1
wd:Q4067597,0
wd:Q6451898,1
wd:Q46255,8
wd:Q2229672,0
wd:Q2622641,1
wd:Q17147490,0
wd:Q164359,3
wd:Q1901028,0
wd:Q1206606,0
wd:Q935330,0
wd:Q24895390,0
wd:Q2303305,1
wd:Q1056817,1
wd:Q188968,5
wd:Q212926,2
wd:Q1172743,1
wd:Q3265221,2
wd:Q214214,1
wd:Q3001094,0
wd:Q2135331,2
wd:Q2392011,1
wd:Q2733271,0
wd:Q465473,0
wd:Q677371,0
wd:Q3831895,0
wd:Q1140419,0
wd:Q875998,0
wd:Q18111357,0
wd:Q13218212,14
wd:Q438358,1
wd:Q14508849,0
wd:Q5259583,0
wd:Q3098286,0
wd:Q5416718,0
wd:Q17125668,1
wd:Q675059,1
wd:Q463573,1
wd:Q7170688,0
wd:Q2247050,3
wd:Q1262732,0
wd:Q1922416,0
wd:Q1810738,2
wd:Q214724,0
wd:Q186131,1
wd:Q7374635,0
wd:Q3477288,5
wd:Q6484055,1
wd:Q7958,1
wd:Q265424,1
wd:Q20801678,0
wd:Q502672,1
wd:Q20020099,1
wd:Q1052390,2
wd:Q1460232,1
wd:Q911551,0
wd:Q61951,2
wd:Q762856,2
wd:Q787057,0
wd:Q244351,0
wd:Q26643,2
wd:Q1427245,1
wd:Q908892,1
wd:Q492779,1
wd:Q7447671,1
wd:Q6724440,0
wd:Q1544924,1
wd:Q5287468,1
wd:Q40555,1
wd:Q476743,0
wd:Q3012073,0
wd:Q193518,1
wd:Q199301,1
wd:Q20715189,0
wd:Q10952243,1
wd:Q468495,1
wd:Q6486803,0
wd:Q557450,0
wd:Q3136991,0
wd:Q2073487,5
wd:Q170124,1
wd:Q4422352,0
wd:Q847705,0
wd:Q3775662,0
wd:Q2446724,1
wd:Q1508277,4
wd:Q1854755,0
wd:Q1238731,0
wd:Q123637,1
wd:Q1411845,0
wd:Q230981,1
wd:Q767036,0
wd:Q1077064,3
wd:Q17142652,1
wd:Q689022,0
wd:Q3328772,1
wd:Q442709,3
wd:Q6821858,0
wd:Q1172354,0
wd:Q2461535,0
wd:Q10669858,3
wd:Q647160,0
wd:Q4115548,1
wd:Q2000218,0
wd:Q319622,2
wd:Q4966884,0
wd:Q2912198,0
wd:Q2060881,0
wd:Q5274065,0
wd:Q2578557,2
wd:Q827792,1
wd:Q1032176,2
wd:Q1242875,1
wd:Q5187190,0
wd:Q41927,0
wd:Q2593233,0
wd:Q1479544,1
wd:Q2217739,1
wd:Q130403,1
wd:Q185585,1
wd:Q3066141,0
wd:Q1907312,0
wd:Q352618,6
wd:Q7981274,1
wd:Q1096695,0
wd:Q2760628,0
wd:Q2279088,1
wd:Q7697095,1
wd:Q744894,0
wd:Q1330003,2
wd:Q3360632,0
wd:Q5377030,1
wd:Q10715829,2
wd:Q5278690,0
wd:Q2741122,1
wd:Q1143371,0
wd:Q2112502,1
wd:Q3569960,0
wd:Q2454987,1
wd:Q7269307,0
wd:Q1773840,1
wd:Q5159269,0
wd:Q6849688,1
wd:Q2289223,0
wd:Q1031365,3
wd:Q647578,2
wd:Q152416,0
wd:Q5340942,1
wd:Q864190,0
wd:Q778187,0
wd:Q3303500,0
wd:Q2481648,0
wd:Q827658,3
wd:Q1131294,0
wd:Q3935713,0
wd:Q1781552,1
wd:Q5227240,1
wd:Q134783,1
wd:Q6634155,0
wd:Q860741,0
wd:Q6825353,0
wd:Q864895,0
wd:Q478853,0
wd:Q2653441,1
wd:Q849953,1
wd:Q896403,0
wd:Q6637849,1
wd:Q193161,1
wd:Q16965797,0
wd:Q17164790,5
wd:Q273395,5
wd:Q835420,1
wd:Q1057397,2
wd:Q16872397,0
wd:Q5421695,1
wd:Q7210349,0
wd:Q2609272,0
wd:Q5254073,6
wd:Q5148597,0
wd:Q5110488,1
wd:Q7972881,2
wd:Q17122206,0
wd:Q609276,0
wd:Q3141064,1
wd:Q274502,1
wd:Q16252290,0
wd:Q7138670,0
wd:Q5165701,1
wd:Q419584,0
wd:Q5001711,0
wd:Q1231428,1
wd:Q167172,1
wd:Q459221,2
wd:Q12299851,0
wd:Q5283524,0
wd:Q1076893,1
wd:Q1260916,0
wd:Q1135939,0
wd:Q2006581,0
wd:Q1364447,0
wd:Q332988,0
wd:Q1247560,0
wd:Q59950,2
wd:Q5447138,0
wd:Q1365383,0
wd:Q5616327,0
wd:Q901922,0
wd:Q3333124,0
wd:Q1505148,2
wd:Q189279,0
wd:Q708399,0
wd:Q2276525,0
wd:Q1067958,0
wd:Q1366300,1
wd:Q3532236,2
wd:Q325980,2
wd:Q3800507,0
wd:Q3309962,0
wd:Q1194864,0
wd:Q4927168,0
wd:Q10681911,1
wd:Q641878,0
wd:Q7830214,0
wd:Q2593739,1
wd:Q1711347,1
wd:Q7081474,0
wd:Q7655015,0
wd:Q592230,1
wd:Q1773266,1
wd:Q926734,0
wd:Q3867028,0
wd:Q6646450,0
wd:Q39689,2
wd:Q2851776,1
wd:Q7441925,0
wd:Q7280485,1
wd:Q373691,0
wd:Q5939681,0
wd:Q1424692,0
wd:Q1643682,0
wd:Q575691,1
wd:Q2004969,0
wd:Q7229711,0
wd:Q878352,0
wd:Q2145286,0
wd:Q5133502,10
wd:Q1139400,0
wd:Q512641,0
wd:Q3215756,1
wd:Q4293186,1
wd:Q1378498,2
wd:Q2732957,2
wd:Q3699759,0
wd:Q870344,0
wd:Q1570700,1
wd:Q851775,0
wd:Q6679359,1
wd:Q1130571,1
wd:Q863531,0
wd:Q1752797,0
wd:Q1580257,0
wd:Q2917486,1
wd:Q7187943,0
wd:Q584041,0
wd:Q979617,0
wd:Q800101,0
wd:Q5555474,0
wd:Q1417134,0
wd:Q1070414,0
wd:Q11072992,0
wd:Q1518347,5
wd:Q3239094,0
wd:Q1071160,0
wd:Q17121756,1
wd:Q4121856,0
wd:Q654182,1
wd:Q12981895,1
wd:Q834933,1
wd:Q8269924,1
wd:Q520032,1
wd:Q25661,1
wd:Q515895,1
wd:Q368779,2
wd:Q3568190,0
wd:Q1049254,1
wd:Q335778,1
wd:Q1964083,1
wd:Q477379,0
wd:Q757722,3
wd:Q1368743,1
wd:Q836862,0
wd:Q16978152,0
wd:Q1582987,0
wd:Q2250276,0
wd:Q494002,0
wd:Q2575688,0
wd:Q492886,1
wd:Q18209559,1
wd:Q1316667,19
wd:Q116872,0
wd:Q7782435,0
wd:Q64403,2
wd:Q6022229,0
wd:Q1896571,1
wd:Q3346517,1
wd:Q651531,0
wd:Q196939,3
wd:Q1780867,1
wd:Q5178970,1
wd:Q386853,1
wd:Q579440,0
wd:Q2632731,1
wd:Q178564,0
wd:Q856655,0
wd:Q2613972,0
wd:Q17130742,1
wd:Q1172466,2
wd:Q770480,1
wd:Q160569,1
wd:Q1898184,0
wd:Q1315911,2
wd:Q651476,0
wd:Q3236990,1
wd:Q382454,0
wd:Q4903305,1
wd:Q193203,0
wd:Q1155908,1
wd:Q3065317,1
wd:Q1592877,0
wd:Q1192403,1
wd:Q999897,1
wd:Q558591,0
wd:Q4733626,0
wd:Q1349983,2
wd:Q1363153,1
wd:Q1949268,0
wd:Q210369,1
wd:Q2563658,1
wd:Q1427028,0
wd:Q454263,0
wd:Q1472602,2
wd:Q1565052,0
wd:Q22908936,0
wd:Q4131496,1
wd:Q1693153,0
wd:Q5533772,0
wd:Q93586,1
wd:Q180394,1
wd:Q568225,1
wd:Q7311219,2
wd:Q187360,1
wd:Q847887,1
wd:Q4129855,0
wd:Q849175,0
wd:Q515371,1
wd:Q31110,1
wd:Q4381136,2
wd:Q1127296,0
wd:Q606876,0
wd:Q1097859,1
wd:Q1260003,1
wd:Q678883,1
wd:Q1433067,0
wd:Q773108,2
wd:Q8250483,3
wd:Q1065052,1
wd:Q489632,1
wd:Q136980,0
wd:Q936597,2
wd:Q6034208,0
wd:Q1128023,0
wd:Q507187,2
wd:Q6311682,0
wd:Q1377126,0
wd:Q612102,0
wd:Q4856009,0
wd:Q192907,4
wd:Q5380863,1
wd:Q5204199,0
wd:Q179551,0
wd:Q10817984,0
wd:Q3592613,1
wd:Q49908,2
wd:Q7113617,1
wd:Q827023,5
wd:Q1680700,1
wd:Q1446173,1
wd:Q5059994,0
wd:Q309070,0
wd:Q693004,3
wd:Q3222002,12
wd:Q1247867,6
wd:Q16880239,2
wd:Q5772804,0
wd:Q567586,1
wd:Q1570349,1
wd:Q334823,0
wd:Q3001795,1
wd:Q6085265,0
wd:Q3653994,0
wd:Q1668211,0
wd:Q1132870,1
wd:Q1738927,0
wd:Q1284788,1
wd:Q922448,0
wd:Q3299309,1
wd:Q208145,2
wd:Q1058801,1
wd:Q6934955,0
wd:Q844054,0
wd:Q1489259,0
wd:Q185553,1
wd:Q2359118,1
wd:Q837900,0
wd:Q911932,0
wd:Q122224,9
wd:Q2920860,0
wd:Q1604791,1
wd:Q745404,0
wd:Q192842,1
wd:Q5669966,0
wd:Q1069928,0
wd:Q719642,0
wd:Q5259487,1
wd:Q906066,0
wd:Q266134,0
wd:Q574922,0
wd:Q5183590,0
wd:Q637703,1
wd:Q1527264,9
wd:Q3545649,1
wd:Q1056901,8
wd:Q5196479,0
wd:Q5579550,0
wd:Q188672,0
wd:Q1198122,0
wd:Q1123417,0
wd:Q6935057,1
wd:Q4764945,1
wd:Q1259977,0
wd:Q1283235,8
wd:Q550068,1
wd:Q1629330,3
wd:Q207714,5
wd:Q489628,0
wd:Q217422,0
wd:Q5100181,0
wd:Q1627346,0
wd:Q726686,0
wd:Q5532632,2
wd:Q7837528,1
wd:Q189951,2
wd:Q2949180,0
wd:Q11294156,0
wd:Q194070,0
wd:Q1853245,0
wd:Q1020767,1
wd:Q336751,0
wd:Q206945,1
wd:Q997621,0
wd:Q1683305,2
wd:Q7360654,1
wd:Q902873,1
wd:Q1053211,1
wd:Q3197706,0
wd:Q1155264,1
wd:Q18149007,0
wd:Q7295719,0
wd:Q1996993,2
wd:Q1125215,1
wd:Q606672,0
wd:Q3538865,0
wd:Q3246417,0
wd:Q7246302,1
wd:Q17164721,1
wd:Q1433985,0
wd:Q2949278,0
wd:Q4801212,0
wd:Q835713,2
wd:Q1478451,1
wd:Q14167904,1
wd:Q620737,0
wd:Q7258079,0
wd:Q3831140,1
wd:Q7603973,0
wd:Q5502885,0
wd:Q3769366,1
wd:Q752193,2
wd:Q2442735,0
wd:Q370735,1
wd:Q1311092,0
wd:Q11162356,1
wd:Q1514186,1
wd:Q7246799,0
wd:Q1272711,0
wd:Q1185804,1
wd:Q2751097,1
wd:Q1113550,0
wd:Q173907,0
wd:Q944828,1
wd:Q1574228,1
wd:Q172623,1
wd:Q7531261,0
wd:Q179310,6
wd:Q1441983,2
wd:Q3393343,0
wd:Q18733,1
wd:Q7075538,0
wd:Q15842515,0
wd:Q18358325,0
wd:Q221696,0
wd:Q1439639,0
wd:Q4176366,0
wd:Q1054240,0
wd:Q1517875,0
wd:Q725453,0
wd:Q2738617,1
wd:Q1154226,1
wd:Q5177956,0
wd:Q161500,1
wd:Q14791028,0
wd:Q5493815,0
wd:Q1786572,1
wd:Q2078706,0
wd:Q2367613,0
wd:Q1959427,0
wd:Q3127570,1
wd:Q6022906,1
