"statvalue","nosubs"
"Q1",7
"Q1000370",1
"Q100047",1
"Q1001086",1
"Q1003025",2
"Q1004322",1
"Q1004401",1
"Q1005815",4
"Q101081",1
"Q1011547",3
"Q101362",1
"Q101680",1
"Q1016979",3
"Q10175348",1
"Q10181383",1
"Q101971",2
"Q1019917",1
"Q1020619",1
"Q1020767",2
"Q1020994",6
"Q1021663",1
"Q1022240",1
"Q1024984",1
"Q1026",3
"Q1026040",2
"Q10265550",1
"Q102686",2
"Q102720",1
"Q10278595",1
"Q10283002",1
"Q10283558",1
"Q102932",2
"Q1029430",1
"Q10296503",1
"Q10296912",1
"Q1029751",1
"Q1031365",1
"Q10316404",1
"Q10319398",1
"Q1032176",2
"Q1032349",1
"Q1034626",1
"Q103510",1
"Q103537",3
"Q1035954",3
"Q10359848",1
"Q10366773",11
"Q1037104",1
"Q1037119",3
"Q10379",4
"Q1037909",1
"Q10384",1
"Q104021",4
"Q10406027",1
"Q1041282",1
"Q1041418",2
"Q104162",3
"Q104168",3
"Q1041682",14
"Q104212",2
"Q1043220",1
"Q1044109",1
"Q1044401",1
"Q104444",2
"Q1044835",3
"Q104534",1
"Q104567",3
"Q1046351",1
"Q104641",7
"Q1046474",1
"Q1047113",7
"Q1047752",1
"Q1048387",1
"Q1048573",1
"Q1048607",1
"Q1048902",2
"Q1049254",1
"Q10493450",1
"Q1049923",1
"Q1050567",1
"Q1051175",1
"Q1051792",1
"Q1051925",1
"Q10519939",1
"Q1052621",1
"Q105269",1
"Q1052721",1
"Q1053211",1
"Q1053266",1
"Q10535274",1
"Q1054011",1
"Q10547419",1
"Q105499",1
"Q105522",1
"Q1055807",4
"Q1056396",2
"Q105650",1
"Q10566065",3
"Q1056817",1
"Q105688",5
"Q1056901",8
"Q1057203",8
"Q1057397",2
"Q105769",1
"Q105784",1
"Q10578722",7
"Q1058236",2
"Q1058263",1
"Q10585806",4
"Q1058689",1
"Q1058801",1
"Q1059",2
"Q105902",1
"Q1059047",2
"Q10590700",2
"Q105973",1
"Q105985",4
"Q10599959",1
"Q1060092",10
"Q106016",3
"Q1060160",2
"Q1060280",1
"Q1060330",1
"Q1060682",2
"Q10607896",1
"Q1061179",1
"Q1061415",1
"Q1062630",1
"Q1062990",3
"Q1063762",1
"Q1063837",2
"Q106410",1
"Q1064173",2
"Q1064441",1
"Q1064500",1
"Q1064975",1
"Q1065052",1
"Q10650932",1
"Q1065241",1
"Q1065742",6
"Q1065846",1
"Q1065927",1
"Q1066186",25
"Q1066289",1
"Q106675",4
"Q106693",3
"Q10669858",3
"Q1067203",1
"Q10681470",1
"Q10685476",1
"Q10687729",1
"Q1069090",1
"Q1069280",1
"Q1069618",1
"Q1069725",2
"Q1070216",2
"Q1070277",4
"Q1071013",1
"Q10715829",2
"Q1072190",1
"Q1072814",1
"Q10729326",4
"Q1073174",1
"Q1073939",1
"Q107411",1
"Q107414",1
"Q107427",2
"Q107434",2
"Q107444",3
"Q10748471",2
"Q1074953",3
"Q10751894",2
"Q1076532",1
"Q1076557",1
"Q1076693",2
"Q1076893",1
"Q10770146",2
"Q1077064",3
"Q107780",1
"Q1078222",1
"Q1078683",2
"Q1079559",1
"Q107994",2
"Q10801007",3
"Q1080599",2
"Q10810201",1
"Q108158",1
"Q10816384",1
"Q1081988",2
"Q10827272",1
"Q108307",5
"Q1083894",1
"Q1084127",1
"Q10855354",4
"Q10856",3
"Q10856114",1
"Q10857409",7
"Q10858537",2
"Q10859258",1
"Q10859422",14
"Q10862449",6
"Q108709",2
"Q10877961",7
"Q108810",1
"Q1088341",1
"Q10886678",1
"Q1089120",1
"Q10892",2
"Q1089465",1
"Q10901070",1
"Q10907836",1
"Q10909316",2
"Q1091147",1
"Q10921627",19
"Q1092499",1
"Q10927834",2
"Q1093135",1
"Q1093406",1
"Q1093445",2
"Q1093522",2
"Q1094190",1
"Q10952243",1
"Q109548",1
"Q10956917",2
"Q1096907",1
"Q1097859",1
"Q1098125",1
"Q109856",5
"Q10992060",3
"Q10998",110
"Q11006",1
"Q11009165",2
"Q110223",3
"Q11039483",2
"Q1104185",1
"Q11054563",2
"Q110701",2
"Q11074667",2
"Q11076133",3
"Q11083",1
"Q1109916",1
"Q11118951",1
"Q1113134",2
"Q1113604",5
"Q1115221",1
"Q1115235",1
"Q11153481",1
"Q1115956",1
"Q11162356",1
"Q11163999",2
"Q1116508",2
"Q11175039",1
"Q11180",1
"Q111837",12
"Q11184",2
"Q1118589",1
"Q11198945",1
"Q1120452",1
"Q11205",3
"Q1121366",1
"Q1121479",2
"Q1121492",1
"Q11216",8
"Q11219",4
"Q1122364",1
"Q1122550",2
"Q112269",1
"Q11228024",1
"Q1123036",1
"Q11236878",4
"Q11237484",3
"Q1123840",1
"Q1124312",10
"Q112457",4
"Q11247037",1
"Q1125215",1
"Q1125338",5
"Q11253473",1
"Q11254",1
"Q11255",2
"Q1125638",3
"Q11259415",6
"Q1126018",1
"Q11261",1
"Q11261489",1
"Q1126161",1
"Q11267294",1
"Q1126769",4
"Q1126859",2
"Q11271324",5
"Q1127267",1
"Q11274709",8
"Q11286875",1
"Q1129338",5
"Q1129382",1
"Q1129471",2
"Q1129521",4
"Q1130093",2
"Q1130322",2
"Q1130342",1
"Q1130350",1
"Q1130571",1
"Q113073",1
"Q1131233",1
"Q1131356",1
"Q113162",5
"Q1131696",2
"Q1131737",1
"Q1132049",1
"Q1132127",1
"Q11324349",5
"Q1132690",1
"Q1132870",1
"Q1133024",1
"Q11330448",4
"Q113403",4
"Q1134435",1
"Q11345724",5
"Q1134824",1
"Q1135124",2
"Q1135221",5
"Q1135713",1
"Q1135789",2
"Q1136544",1
"Q11368",3
"Q1136834",2
"Q1136859",1
"Q1137326",1
"Q11375",1
"Q11376",5
"Q1137614",1
"Q1137655",2
"Q1137656",4
"Q11379",30
"Q1138173",2
"Q11382",1
"Q1138899",1
"Q11392127",1
"Q1139327",1
"Q11394398",2
"Q11397947",1
"Q11399821",1
"Q1140126",1
"Q11403",1
"Q1140333",1
"Q1140537",2
"Q1141077",19
"Q11412",4
"Q1141276",1
"Q1142055",1
"Q1142188",2
"Q1142340",1
"Q11424201",1
"Q11424392",1
"Q1142768",1
"Q1142806",3
"Q1143602",1
"Q11438796",1
"Q1144022",7
"Q1144114",2
"Q1144367",1
"Q1144504",1
"Q1144593",3
"Q1144614",2
"Q1144695",2
"Q1144708",1
"Q11448",4
"Q1144878",1
"Q1144915",1
"Q1145039",1
"Q11452",1
"Q1145976",1
"Q1146011",3
"Q1146195",1
"Q11465",17
"Q11465565",2
"Q1146640",1
"Q11467",2
"Q1147070",1
"Q11487510",1
"Q11491601",1
"Q11493441",1
"Q1149383",1
"Q1149548",2
"Q11496705",1
"Q1149776",3
"Q11498039",2
"Q11498257",1
"Q1150043",1
"Q1150058",1
"Q1150207",1
"Q11502871",1
"Q11505155",5
"Q1151068",1
"Q1151482",1
"Q1151538",2
"Q1152150",1
"Q1152398",1
"Q1153014",1
"Q1153471",1
"Q1153773",2
"Q1154078",1
"Q1154424",1
"Q1154589",1
"Q11545899",1
"Q11545923",2
"Q115473",1
"Q1154740",1
"Q11550720",1
"Q1155264",1
"Q1155268",5
"Q1155445",1
"Q11555014",1
"Q1155630",2
"Q1155908",1
"Q1156800",1
"Q1156802",1
"Q1156822",2
"Q1156976",2
"Q11570735",1
"Q11570786",1
"Q11573",1
"Q11575",4
"Q1157745",1
"Q1158212",2
"Q11587",2
"Q1158787",1
"Q11588442",2
"Q115996",1
"Q11606851",1
"Q11613020",1
"Q1161355",5
"Q11625220",2
"Q11626677",1
"Q116269",1
"Q116275",5
"Q1163016",1
"Q1163768",1
"Q11640340",3
"Q11642",14
"Q11643353",1
"Q11648279",1
"Q1164991",5
"Q11651",5
"Q11652",4
"Q1166072",5
"Q1166142",11
"Q116823",1
"Q11690026",1
"Q11693017",1
"Q1172162",1
"Q1172466",1
"Q1172743",1
"Q11732457",2
"Q11743184",2
"Q1174365",1
"Q11749986",2
"Q11755853",2
"Q11759",2
"Q11761",5
"Q11764",1
"Q11776625",2
"Q11776642",3
"Q11776645",3
"Q11776663",3
"Q11785436",1
"Q117879",1
"Q1178984",1
"Q11795009",1
"Q11796436",4
"Q11796448",3
"Q11796459",3
"Q11796469",3
"Q11796470",3
"Q11796471",3
"Q11796473",3
"Q11796475",3
"Q11796486",3
"Q1179713",7
"Q11798944",5
"Q11799049",1
"Q11801363",1
"Q118155",2
"Q11818476",1
"Q11820376",2
"Q11820764",1
"Q1182135",1
"Q11821744",1
"Q118240",4
"Q11828321",3
"Q1183041",2
"Q11834044",1
"Q1183659",1
"Q1183720",1
"Q118406",1
"Q1184866",1
"Q1185804",1
"Q1186342",1
"Q11869044",3
"Q11875811",1
"Q1187724",1
"Q1187930",2
"Q1188698",4
"Q1188866",1
"Q1188977",2
"Q1189497",1
"Q1189956",2
"Q11905393",3
"Q11906196",1
"Q11909230",3
"Q1191062",2
"Q11911997",1
"Q1191271",1
"Q1191422",1
"Q1191509",2
"Q11915173",2
"Q1191519",2
"Q11916440",1
"Q1191865",1
"Q119190",1
"Q1192221",1
"Q1192403",1
"Q1192530",1
"Q1192553",1
"Q11928176",1
"Q1192877",1
"Q1192916",3
"Q1192971",1
"Q1193170",1
"Q1193453",2
"Q11941858",1
"Q1194406",1
"Q1194864",1
"Q1195193",1
"Q1195412",1
"Q1195804",1
"Q11961906",1
"Q1196276",7
"Q1196612",3
"Q1196645",5
"Q11980438",1
"Q119814",5
"Q1198376",1
"Q11986654",1
"Q11989025",1
"Q1199344",1
"Q1199726",1
"Q11997320",3
"Q11997623",1
"Q1200230",1
"Q1200314",1
"Q12004",6
"Q1200733",1
"Q12013292",2
"Q12021359",1
"Q1202197",1
"Q1202245",1
"Q12024",1
"Q12032292",1
"Q1203383",1
"Q1203436",2
"Q12036439",4
"Q12039010",1
"Q12042581",2
"Q1204361",1
"Q12046766",6
"Q12049741",1
"Q12056831",4
"Q12056832",5
"Q12056833",4
"Q12056835",7
"Q12060208",1
"Q12060255",4
"Q12061351",4
"Q12068060",3
"Q12071438",1
"Q1208997",26
"Q12094078",1
"Q1209831",1
"Q1210114",1
"Q1210392",1
"Q12105422",1
"Q121176",1
"Q1211934",1
"Q12122068",1
"Q12128",6
"Q1212935",3
"Q12131",3
"Q12138",2
"Q1214063",2
"Q12151852",2
"Q12164003",3
"Q1216982",5
"Q121713",1
"Q121769",4
"Q12177444",1
"Q1218265",1
"Q121842",5
"Q1220207",1
"Q122173",1
"Q122224",8
"Q12223",1
"Q1223924",6
"Q1225491",1
"Q1225995",1
"Q1228738",1
"Q12289444",1
"Q1228967",1
"Q1229478",1
"Q12297307",1
"Q123141",8
"Q1231428",1
"Q1231729",1
"Q123213",1
"Q12323650",1
"Q12325954",1
"Q1232971",1
"Q12333059",3
"Q1233720",9
"Q12344332",5
"Q12346540",1
"Q12347337",2
"Q1234970",1
"Q12354166",2
"Q12354480",1
"Q12355371",2
"Q123637",1
"Q1236466",3
"Q1236807",1
"Q123704",1
"Q123737",28
"Q123795",1
"Q1240821",1
"Q124192",1
"Q1242875",1
"Q124366",1
"Q12444025",1
"Q1247086",1
"Q1247867",9
"Q12482",5
"Q1248914",1
"Q1249634",1
"Q1251001",1
"Q1251271",1
"Q1251441",13
"Q12520160",1
"Q1252304",1
"Q12527050",1
"Q1252773",4
"Q12539",3
"Q1254268",2
"Q12549812",4
"Q12562",1
"Q1256418",1
"Q12567",2
"Q12573008",1
"Q1259733",2
"Q1260003",1
"Q1260914",1
"Q1261172",2
"Q1261477",1
"Q1262328",5
"Q12631364",1
"Q12632888",4
"Q1264485",1
"Q1265545",1
"Q126645",1
"Q126692",1
"Q1267393",1
"Q1268814",1
"Q12688575",1
"Q1269239",1
"Q1269330",3
"Q12695",1
"Q1269627",3
"Q1270388",2
"Q12712978",2
"Q12725",7
"Q1272626",7
"Q1273108",1
"Q1274115",10
"Q12741714",1
"Q1274280",1
"Q12752949",1
"Q1275989",2
"Q1276214",1
"Q1276342",3
"Q127645",6
"Q1276941",7
"Q127770",1
"Q1277797",1
"Q12786121",11
"Q128003",1
"Q128007",1
"Q1280741",1
"Q1281564",1
"Q12816984",2
"Q1282261",1
"Q128257",1
"Q12829182",1
"Q1283",1
"Q1283235",8
"Q1283504",1
"Q128367",2
"Q128406",5
"Q128418",1
"Q128424",1
"Q1284443",2
"Q1284788",1
"Q12859263",6
"Q128593",4
"Q12859380",2
"Q12879877",9
"Q12880215",5
"Q12882818",86
"Q12882940",3
"Q12882943",1
"Q12882968",1
"Q1288392",1
"Q12884555",4
"Q1290382",1
"Q12912864",1
"Q129163",1
"Q1292119",5
"Q1292121",3
"Q1292520",1
"Q1293580",1
"Q1294114",1
"Q129426",2
"Q1295040",1
"Q129508",8
"Q1296024",3
"Q129757",1
"Q1297985",2
"Q12981895",1
"Q1298380",1
"Q129841",1
"Q13031727",3
"Q13031741",2
"Q13033215",1
"Q130403",1
"Q130436",3
"Q13048280",2
"Q1305281",1
"Q13057406",1
"Q1307337",1
"Q1308239",1
"Q1308813",1
"Q1308822",2
"Q130912",1
"Q130985",1
"Q13099184",1
"Q13100823",1
"Q131062",1
"Q131132",4
"Q131133",1
"Q131136",1
"Q1311395",1
"Q131154",3
"Q131175",2
"Q131201",1
"Q131214",8
"Q131221",1
"Q131226",2
"Q131242",1
"Q131251",1
"Q1313309",7
"Q131361",2
"Q13136163",1
"Q1313852",5
"Q131408",1
"Q1314470",1
"Q131449",3
"Q131479",1
"Q131517",5
"Q131524",22
"Q1315251",1
"Q1315624",1
"Q1315779",2
"Q1315911",2
"Q1316667",16
"Q13167641",1
"Q131683",2
"Q1316942",1
"Q131767",1
"Q131802",1
"Q131925",2
"Q13196750",1
"Q1320276",2
"Q1320428",7
"Q13218212",14
"Q132187",1
"Q1321995",2
"Q13220431",2
"Q13221522",1
"Q13222335",2
"Q1322478",1
"Q1323015",1
"Q1323565",1
"Q1323709",1
"Q1323713",23
"Q13258",1
"Q1326028",1
"Q1326089",1
"Q132629",13
"Q1326471",2
"Q1326943",2
"Q1326956",1
"Q1327007",1
"Q1327020",1
"Q132783",1
"Q1328068",1
"Q1328323",10
"Q132851",5
"Q132874",2
"Q132922",1
"Q1329238",1
"Q1329613",1
"Q1329801",1
"Q132987",1
"Q1329925",3
"Q1330003",1
"Q133004",3
"Q1330164",4
"Q133128",1
"Q133136",2
"Q133153",1
"Q1331684",1
"Q1332542",2
"Q133255",1
"Q133327",1
"Q133363",1
"Q1333980",1
"Q133454",1
"Q133475",2
"Q13365470",1
"Q1337073",2
"Q13370881",1
"Q1337691",2
"Q1339539",2
"Q1339661",1
"Q1339864",2
"Q133993",1
"Q13400856",1
"Q13406837",12
"Q13407997",1
"Q1341382",3
"Q1341429",2
"Q1341510",1
"Q13415392",3
"Q13416790",2
"Q1341685",2
"Q134172",1
"Q13417770",1
"Q1341831",1
"Q13422881",3
"Q13423122",2
"Q13424340",1
"Q13424378",6
"Q13428326",1
"Q1342970",1
"Q1343202",1
"Q134369",1
"Q13440398",1
"Q1344256",2
"Q13446365",2
"Q13446430",1
"Q13446638",2
"Q1345388",1
"Q1345638",1
"Q1346408",2
"Q1346753",6
"Q1346923",1
"Q134737",24
"Q1347572",3
"Q13475961",3
"Q134783",2
"Q13479560",1
"Q134847",1
"Q1349660",2
"Q13497",3
"Q1349983",2
"Q1350",8
"Q1350035",1
"Q135005",1
"Q1350326",1
"Q1350700",1
"Q1351381",1
"Q1352777",1
"Q13527812",1
"Q13533432",1
"Q1353522",1
"Q1354085",1
"Q13551889",2
"Q1356194",1
"Q1357",2
"Q13575304",8
"Q1357543",1
"Q1358",1
"Q1359725",1
"Q1361055",2
"Q1361559",3
"Q136174",1
"Q1361758",1
"Q13631330",1
"Q1363153",1
"Q13633597",1
"Q13634888",1
"Q13635778",1
"Q1363741",3
"Q1364",46
"Q1364175",1
"Q1364324",6
"Q13643931",1
"Q1364467",1
"Q1364934",5
"Q1365051",1
"Q1365054",3
"Q136594",1
"Q1366002",2
"Q1366300",1
"Q1366376",1
"Q1367706",1
"Q136783",1
"Q1368367",1
"Q1368455",1
"Q1368743",1
"Q13692",1
"Q1369310",1
"Q1369558",1
"Q1369862",1
"Q13703",1
"Q137056",1
"Q1371509",4
"Q1373131",1
"Q1375",1
"Q1378235",3
"Q1378470",3
"Q1378498",2
"Q1378776",1
"Q1379116",4
"Q1380",4
"Q1384726",1
"Q1385411",1
"Q13876576",1
"Q1388151",1
"Q1391634",1
"Q1392538",1
"Q1394177",1
"Q1394451",2
"Q1394657",2
"Q1395034",1
"Q13955118",5
"Q13959",2
"Q1396667",2
"Q1397302",1
"Q1399980",1
"Q140",4
"Q1400189",2
"Q1401536",1
"Q1401605",1
"Q14026181",1
"Q1402739",1
"Q1404101",1
"Q1406",8
"Q1406070",1
"Q1406126",1
"Q1406649",4
"Q140686",39
"Q1406909",2
"Q1407120",2
"Q1407830",6
"Q14080",2
"Q1408246",1
"Q14083",15
"Q14083157",1
"Q14090321",1
"Q14091",2
"Q1409163",1
"Q1409295",1
"Q1409618",1
"Q1409961",5
"Q1410423",1
"Q1411354",1
"Q1411620",1
"Q1412769",8
"Q1412833",1
"Q14130",2
"Q1413128",1
"Q1413614",1
"Q1414322",1
"Q1414672",1
"Q1414816",1
"Q1416279",1
"Q1416547",1
"Q1416588",1
"Q14167904",1
"Q14175758",1
"Q1417626",1
"Q1418057",2
"Q1418690",1
"Q1418712",1
"Q1418791",1
"Q1419194",2
"Q1419356",1
"Q1419626",3
"Q1419660",2
"Q142005",1
"Q1420191",1
"Q1420785",1
"Q1422057",2
"Q1422299",2
"Q1422633",2
"Q1422969",1
"Q1423152",1
"Q14231988",1
"Q1424150",2
"Q1424306",1
"Q1424491",2
"Q1424895",1
"Q1425343",1
"Q1425577",2
"Q1426151",1
"Q1426546",2
"Q1426659",1
"Q1426903",1
"Q1427245",1
"Q1427914",1
"Q1427940",2
"Q1428108",2
"Q1428161",1
"Q1428692",1
"Q14290107",1
"Q14290457",3
"Q14290559",5
"Q1429083",1
"Q1430548",1
"Q1430676",1
"Q1430789",4
"Q1430816",4
"Q1431",1
"Q1431026",6
"Q1431305",1
"Q1431311",1
"Q1431327",2
"Q143252",1
"Q1432868",1
"Q1433693",1
"Q1434513",9
"Q143504",1
"Q1437401",1
"Q1437688",1
"Q14378",1
"Q1438124",1
"Q14385293",37
"Q14387830",2
"Q14390274",4
"Q143977",4
"Q1440344",1
"Q1440407",1
"Q1440626",1
"Q1441983",2
"Q1442403",1
"Q1442923",2
"Q1443621",1
"Q1444571",5
"Q1446173",1
"Q1446290",10
"Q1446512",3
"Q144917",1
"Q144964",2
"Q14510042",1
"Q1451046",1
"Q14513759",1
"Q1451575",1
"Q14515951",1
"Q14524107",1
"Q14524869",1
"Q145273",2
"Q14535097",1
"Q14539974",1
"Q1454060",1
"Q14545103",1
"Q1455082",1
"Q1455142",4
"Q1455871",4
"Q1455934",3
"Q14560",2
"Q14565199",1
"Q1457387",1
"Q1457697",1
"Q145780",1
"Q145794",1
"Q1458444",1
"Q1458465",1
"Q1458711",1
"Q1460232",1
"Q1460420",1
"Q146078",1
"Q1460816",2
"Q1461063",1
"Q14620",6
"Q146212",2
"Q14623772",10
"Q146243",1
"Q146281",1
"Q1463003",1
"Q146368",1
"Q1463858",1
"Q1464168",1
"Q1464545",1
"Q1465214",3
"Q14654732",1
"Q146555",1
"Q1467769",2
"Q146786",4
"Q1468193",1
"Q1471749",2
"Q1472071",1
"Q1472399",1
"Q1472602",2
"Q1473106",2
"Q1474251",2
"Q1474440",1
"Q1474477",1
"Q1474521",2
"Q1474542",2
"Q1474636",1
"Q1474701",1
"Q147516",2
"Q147545",2
"Q14757784",1
"Q1476018",1
"Q1478218",1
"Q1478338",1
"Q1478451",1
"Q1479544",1
"Q1480945",2
"Q1481938",1
"Q1482427",1
"Q1484022",2
"Q148484",1
"Q1485102",1
"Q14865533",2
"Q14876644",1
"Q1489259",1
"Q149013",4
"Q14907282",1
"Q14915018",2
"Q14916053",2
"Q1494444",1
"Q1494744",1
"Q1495118",2
"Q149527",1
"Q1495452",3
"Q1496019",1
"Q149622",1
"Q1496376",1
"Q1498180",1
"Q1500347",1
"Q1500906",1
"Q1501067",4
"Q150117",1
"Q1501203",1
"Q150129",1
"Q1501412",1
"Q1501559",1
"Q1501648",1
"Q1501871",1
"Q15020841",30
"Q1502279",1
"Q1502787",2
"Q15028",5
"Q15028038",2
"Q1503147",1
"Q15046077",3
"Q15054121",1
"Q150582",7
"Q15059635",1
"Q15063219",1
"Q150737",3
"Q15077368",1
"Q15079592",2
"Q1508277",3
"Q15083",1
"Q150988",1
"Q151",2
"Q15100572",1
"Q15111680",2
"Q1511216",4
"Q151128",1
"Q1511442",1
"Q15114930",1
"Q1512041",1
"Q151250",2
"Q1513048",1
"Q1513515",5
"Q1513543",1
"Q1513832",1
"Q1513949",1
"Q15139812",4
"Q15141485",1
"Q1514186",1
"Q151480",1
"Q1515065",1
"Q1515757",4
"Q1515829",6
"Q1516282",3
"Q1516481",1
"Q1516657",1
"Q1516929",1
"Q1517320",1
"Q1517398",1
"Q15176415",3
"Q1517792",1
"Q1517802",6
"Q1517895",1
"Q1518347",5
"Q1518866",1
"Q151964",2
"Q151968",1
"Q152",18
"Q152024",1
"Q152074",1
"Q152100",1
"Q1521260",1
"Q15220429",40
"Q1522168",2
"Q152234",4
"Q152263",1
"Q152282",1
"Q152285",2
"Q152311",1
"Q1523267",1
"Q15233459",2
"Q152357",3
"Q15238499",1
"Q15240969",1
"Q1524947",2
"Q1526115",2
"Q15262461",1
"Q1526584",1
"Q152665",3
"Q15267437",1
"Q1526814",1
"Q1527264",5
"Q15276545",1
"Q1527956",7
"Q15284664",1
"Q1528833",1
"Q1529430",2
"Q1530195",2
"Q15304597",7
"Q15304638",1
"Q15311343",1
"Q153126",1
"Q1532215",1
"Q153564",1
"Q1537534",1
"Q1537773",1
"Q1538835",1
"Q154015",1
"Q154021",1
"Q154069",3
"Q1541535",1
"Q1541552",1
"Q1541578",1
"Q1542861",1
"Q1543464",1
"Q1543615",1
"Q1543962",4
"Q1544041",1
"Q1544356",7
"Q154482",12
"Q1544924",1
"Q1545397",1
"Q154554",4
"Q1545847",1
"Q1546073",1
"Q1546822",5
"Q1547148",1
"Q15473066",1
"Q1547362",1
"Q154755",8
"Q15477165",2
"Q154797",2
"Q1548262",1
"Q1549393",4
"Q1549421",3
"Q154958",2
"Q1549808",1
"Q1551695",6
"Q155186",1
"Q1553864",2
"Q1554362",4
"Q15545584",2
"Q15546643",1
"Q15571255",1
"Q155792",2
"Q1558475",1
"Q1558681",1
"Q1559695",40
"Q1560099",1
"Q1561361",1
"Q1561683",3
"Q15618637",1
"Q15619176",6
"Q15619260",1
"Q15621527",2
"Q1562386",1
"Q156267",1
"Q15630508",33
"Q15635237",1
"Q156354",1
"Q156389",1
"Q15648179",1
"Q1566",2
"Q156611",1
"Q156705",2
"Q1567371",1
"Q1568153",1
"Q1568160",4
"Q15682104",7
"Q1568655",1
"Q1568940",2
"Q1569950",1
"Q1570159",1
"Q1570349",1
"Q1570662",1
"Q1570682",1
"Q157069",1
"Q1570700",1
"Q1571008",1
"Q157139",1
"Q15718182",13
"Q1571949",1
"Q15720871",2
"Q15725543",1
"Q15728",6
"Q1572895",1
"Q15730331",5
"Q15734194",1
"Q1574137",1
"Q1574228",1
"Q1576430",1
"Q15777",4
"Q1577825",1
"Q1578",8
"Q15783",2
"Q1578310",1
"Q15787",2
"Q15788",8
"Q157964",1
"Q15802235",1
"Q1580844",1
"Q15811098",1
"Q15811980",2
"Q1581290",2
"Q15815579",1
"Q1582250",1
"Q15823512",1
"Q15829892",3
"Q15838041",7
"Q15840335",1
"Q1584192",2
"Q15846555",1
"Q1586573",1
"Q158717",1
"Q1587588",1
"Q158790",2
"Q1588072",1
"Q15898201",2
"Q15905320",2
"Q15918345",1
"Q15918429",8
"Q15921870",2
"Q15921881",5
"Q159318",1
"Q159385",1
"Q1594855",1
"Q15951083",1
"Q1596387",1
"Q15965361",4
"Q15965930",1
"Q15972349",1
"Q15974725",1
"Q15974799",2
"Q15974883",4
"Q15974887",2
"Q159766",1
"Q15977638",2
"Q15978876",3
"Q15980804",12
"Q159964",8
"Q160",2
"Q16001535",2
"Q16009129",1
"Q160112",2
"Q16023913",4
"Q16024058",2
"Q1603724",1
"Q16039692",1
"Q160398",1
"Q1604791",1
"Q16056486",1
"Q160569",1
"Q160571",1
"Q16061881",1
"Q160695",1
"Q16070731",1
"Q16075298",1
"Q160894",1
"Q16102139",1
"Q161064",2
"Q161081",1
"Q1610966",9
"Q16111290",1
"Q1612699",1
"Q161272",1
"Q161414",2
"Q1614239",1
"Q161437",1
"Q16144339",4
"Q16147827",1
"Q16147904",1
"Q16149491",1
"Q161500",1
"Q16152061",1
"Q16157852",1
"Q161598",3
"Q161618",1
"Q161635",1
"Q161652",4
"Q1616724",1
"Q1616828",4
"Q161696",1
"Q16172899",1
"Q161736",1
"Q1621789",1
"Q1622602",1
"Q1624047",1
"Q16242628",1
"Q16244900",1
"Q1625040",3
"Q16251533",1
"Q162528",1
"Q162555",5
"Q16259746",1
"Q162657",3
"Q1627219",1
"Q1627377",2
"Q16275218",2
"Q1627719",1
"Q16278508",2
"Q16281700",1
"Q16281726",1
"Q162869",1
"Q1628979",1
"Q16290295",2
"Q162908",2
"Q1629330",4
"Q16295132",1
"Q163053",1
"Q1630643",4
"Q1630941",1
"Q1631226",1
"Q1632297",1
"Q16323932",1
"Q1632484",1
"Q16329795",2
"Q163310",3
"Q16331327",1
"Q1634112",4
"Q163468",1
"Q16354707",2
"Q163552",1
"Q1636955",1
"Q163700",7
"Q1637030",1
"Q1637842",1
"Q1638254",1
"Q16387",5
"Q163943",1
"Q1639471",1
"Q1640998",5
"Q1641052",1
"Q1641060",1
"Q164160",1
"Q164204",6
"Q1642833",4
"Q1643184",2
"Q164338",4
"Q164359",2
"Q1643786",2
"Q16441793",1
"Q164444",21
"Q1644917",3
"Q164573",4
"Q1645840",1
"Q164597",1
"Q16463295",1
"Q164655",9
"Q1646609",1
"Q1647939",1
"Q1648388",4
"Q1648474",2
"Q1648707",1
"Q1649571",1
"Q1649994",1
"Q1650142",1
"Q165029",3
"Q1650350",1
"Q16505822",1
"Q1650904",1
"Q1651044",3
"Q165112",2
"Q165115",1
"Q16511984",1
"Q1651237",1
"Q16512470",1
"Q165137",7
"Q1651704",1
"Q1653073",1
"Q165369",1
"Q16538431",1
"Q16543547",2
"Q1654577",1
"Q16546994",2
"Q165503",6
"Q165650",6
"Q16568456",1
"Q1656943",1
"Q1657500",1
"Q165752",1
"Q16575913",3
"Q165838",1
"Q165947",1
"Q1661164",1
"Q1661414",2
"Q166231",17
"Q166253",2
"Q1662673",3
"Q1663557",1
"Q16636356",1
"Q1663833",1
"Q166409",2
"Q1665191",1
"Q16654015",1
"Q166583",1
"Q16658574",2
"Q16661734",2
"Q16664076",1
"Q1666934",1
"Q1667082",2
"Q16671032",1
"Q166713",2
"Q16676145",1
"Q16676353",1
"Q1667915",1
"Q166816",1
"Q16681739",1
"Q1668313",1
"Q166861",1
"Q166886",44
"Q166898",1
"Q1669408",1
"Q16699144",1
"Q16700016",1
"Q1670274",1
"Q167078",1
"Q1671598",1
"Q167172",1
"Q167292",1
"Q167312",9
"Q16735601",2
"Q167367",1
"Q16737364",62
"Q16740861",1
"Q16741111",2
"Q1674651",1
"Q16746942",1
"Q1675489",1
"Q1675934",1
"Q167968",1
"Q1680700",1
"Q168091",1
"Q1681856",1
"Q16821210",1
"Q1683305",2
"Q16837407",1
"Q16839444",1
"Q168417",1
"Q1684170",1
"Q1686000",1
"Q16861792",1
"Q16865094",1
"Q16877248",1
"Q16879932",3
"Q16880239",2
"Q16882760",1
"Q1688468",20
"Q16908765",1
"Q16909472",2
"Q16914766",1
"Q16928266",1
"Q16934821",1
"Q16935263",1
"Q16938807",2
"Q16950488",1
"Q16966675",1
"Q16978416",6
"Q16978439",1
"Q169953",1
"Q169955",1
"Q169994",1
"Q170002",2
"Q17004438",5
"Q17004744",1
"Q17006749",1
"Q17018887",1
"Q1701924",1
"Q170210",1
"Q1702335",1
"Q17023954",2
"Q170277",1
"Q1702836",2
"Q1702885",3
"Q170292",3
"Q1703155",3
"Q1703174",2
"Q1703236",2
"Q170337",1
"Q170355",5
"Q170358",1
"Q170451",7
"Q170460",1
"Q170480",1
"Q170484",3
"Q170519",1
"Q1705284",1
"Q17054457",1
"Q17062834",1
"Q1706492",2
"Q1707296",1
"Q17079481",1
"Q17080486",1
"Q170826",1
"Q17087776",2
"Q170924",5
"Q17098767",1
"Q17106089",1
"Q17111414",1
"Q1711347",1
"Q171171",2
"Q171184",3
"Q171187",2
"Q17121756",1
"Q17122834",2
"Q17122854",1
"Q17125668",2
"Q17127550",1
"Q17128025",1
"Q171283",3
"Q17130742",1
"Q17132038",1
"Q1713577",1
"Q17136110",1
"Q17141201",1
"Q17141312",1
"Q17141489",4
"Q17142318",2
"Q1714245",2
"Q1714250",1
"Q17142652",1
"Q17143038",1
"Q17144564",3
"Q17147",9
"Q17147958",1
"Q1714828",5
"Q17154378",1
"Q1716019",2
"Q17161004",2
"Q171644",1
"Q17164721",1
"Q17164790",5
"Q17166066",1
"Q17177037",1
"Q171957",1
"Q1719631",2
"Q172175",2
"Q1722438",1
"Q1722542",1
"Q172290",6
"Q1724625",6
"Q172563",1
"Q1725788",5
"Q172623",1
"Q1727229",1
"Q172742",1
"Q172839",1
"Q1728575",1
"Q1729124",1
"Q172949",1
"Q172964",6
"Q173095",2
"Q17310497",1
"Q17310518",2
"Q173106",1
"Q173167",2
"Q17319653",1
"Q1732283",1
"Q173245",1
"Q17326046",1
"Q173287",1
"Q1734134",1
"Q1734562",1
"Q1734578",1
"Q1734755",1
"Q173582",1
"Q17363091",2
"Q17370233",1
"Q17372493",2
"Q17375135",1
"Q173782",1
"Q1737943",1
"Q1739331",1
"Q17393320",1
"Q17407943",1
"Q1740826",1
"Q17416513",3
"Q1741781",1
"Q1742093",4
"Q1742975",1
"Q17438827",1
"Q17439033",2
"Q17440684",3
"Q174419",1
"Q17444426",2
"Q17444452",1
"Q17444562",1
"Q17444731",3
"Q1744574",1
"Q17448125",6
"Q17450450",2
"Q174514",3
"Q17473279",1
"Q1747543",1
"Q17476700",2
"Q174834",6
"Q17484740",1
"Q174858",1
"Q174864",3
"Q17489291",2
"Q17489344",2
"Q17489477",1
"Q17496796",2
"Q17496849",1
"Q1749879",1
"Q175002",1
"Q17502009",1
"Q17502513",1
"Q175026",2
"Q17502905",1
"Q17504693",1
"Q17505489",1
"Q1751445",1
"Q175151",2
"Q1751513",3
"Q1751574",1
"Q1751685",1
"Q1751943",6
"Q1752061",1
"Q1752284",4
"Q1752305",1
"Q175240",1
"Q1752772",1
"Q1753397",2
"Q1753547",1
"Q17542970",4
"Q17544399",1
"Q17544424",1
"Q1754518",1
"Q1754555",1
"Q1755512",1
"Q17572748",1
"Q1757356",1
"Q1757562",1
"Q1757650",1
"Q1757693",1
"Q1758095",1
"Q1758354",1
"Q17584314",2
"Q1758614",1
"Q1758791",3
"Q1759104",6
"Q1760576",3
"Q1760728",4
"Q1761133",1
"Q1761350",2
"Q176140",2
"Q176161",4
"Q1762591",4
"Q17628016",1
"Q17628570",1
"Q17630318",1
"Q1764062",1
"Q176483",9
"Q17649781",1
"Q176640",3
"Q176671",1
"Q1767268",1
"Q1767279",1
"Q176763",1
"Q176770",1
"Q1767941",4
"Q17679679",1
"Q176984",1
"Q177005",2
"Q1771656",2
"Q1773152",2
"Q1773266",1
"Q177342",1
"Q177378",1
"Q1773840",1
"Q1773974",8
"Q177529",1
"Q177691",2
"Q1776979",1
"Q1777144",1
"Q1777233",2
"Q177784",1
"Q1778014",2
"Q177811",3
"Q177836",1
"Q177850",1
"Q1779759",1
"Q1779838",1
"Q1780146",1
"Q178048",5
"Q178061",4
"Q178069",13
"Q1780867",1
"Q178111",1
"Q1781297",2
"Q1781513",25
"Q1781552",1
"Q1782584",1
"Q1783115",3
"Q178380",1
"Q1783915",1
"Q178413",6
"Q1784259",1
"Q178459",2
"Q178598",4
"Q1786572",1
"Q178673",1
"Q178715",10
"Q1787683",1
"Q178836",2
"Q1788780",1
"Q1788804",3
"Q1788995",1
"Q178921",3
"Q179010",3
"Q1790469",1
"Q1790480",2
"Q179054",1
"Q1790740",1
"Q179111",1
"Q1791456",6
"Q179179",2
"Q1792400",1
"Q179248",4
"Q1792720",1
"Q179310",6
"Q179465",1
"Q179518",1
"Q1795352",2
"Q1795804",3
"Q179635",2
"Q1796848",2
"Q179692",2
"Q1796951",1
"Q1797057",1
"Q179731",1
"Q179742",1
"Q179807",2
"Q1798287",1
"Q17987586",1
"Q179957",4
"Q180",1
"Q1800055",1
"Q180043",1
"Q18005247",2
"Q1800545",3
"Q180072",1
"Q1800765",1
"Q18008242",2
"Q18010882",1
"Q18011101",1
"Q18012345",2
"Q18012635",3
"Q18016340",3
"Q180184",2
"Q180191",1
"Q18019961",3
"Q180256",2
"Q180362",1
"Q180394",1
"Q180490",1
"Q180502",3
"Q18052373",1
"Q180711",2
"Q180809",2
"Q1809112",1
"Q181001",12
"Q1810738",1
"Q181077",1
"Q18109",1
"Q18115578",3
"Q181217",2
"Q18121791",1
"Q181283",1
"Q1812866",1
"Q18130894",2
"Q181362",1
"Q1814786",1
"Q181487",3
"Q18152059",1
"Q1815392",3
"Q18160232",1
"Q181634",2
"Q181648",3
"Q1816633",2
"Q181699",1
"Q181767",9
"Q1818043",1
"Q1818307",1
"Q181865",2
"Q181876",5
"Q181888",1
"Q181890",1
"Q181898",1
"Q181902",2
"Q18195680",5
"Q18195782",2
"Q18198588",1
"Q181989",1
"Q182015",10
"Q18205125",4
"Q18205885",3
"Q182062",1
"Q18208050",1
"Q18209079",1
"Q1820924",1
"Q18209559",1
"Q182116",1
"Q18214768",1
"Q182154",3
"Q182168",2
"Q18219998",1
"Q1822655",1
"Q1822997",1
"Q182338",1
"Q18236228",1
"Q182415",7
"Q18242306",1
"Q182581",2
"Q182598",2
"Q182798",1
"Q18284306",3
"Q1828555",1
"Q182933",3
"Q183011",1
"Q183225",1
"Q18325892",2
"Q18330530",1
"Q183318",2
"Q18334",1
"Q18335",6
"Q18336",1
"Q18336849",13
"Q18340964",1
"Q18341743",1
"Q18343",1
"Q18345375",1
"Q18352926",4
"Q18353841",1
"Q18356677",1
"Q18360378",1
"Q183605",4
"Q18374597",1
"Q183770",1
"Q18378426",1
"Q18383498",3
"Q18384745",1
"Q18388297",1
"Q184207",1
"Q18421181",2
"Q184260",1
"Q18435003",9
"Q184377",3
"Q1844066",8
"Q184442",2
"Q1845",7
"Q18457349",1
"Q184664",2
"Q184716",1
"Q184754",7
"Q184940",6
"Q184943",2
"Q1849456",6
"Q18498",1
"Q1849974",1
"Q185009",2
"Q185038",2
"Q185076",1
"Q185091",1
"Q1851397",2
"Q1851434",2
"Q18515440",1
"Q1851710",2
"Q1852084",1
"Q18524262",2
"Q185243",1
"Q185301",1
"Q185351",27
"Q185359",6
"Q18536380",4
"Q18536529",1
"Q185369",1
"Q1854751",1
"Q18553700",6
"Q185553",2
"Q18556352",5
"Q18556373",7
"Q185571",1
"Q185585",1
"Q18560545",1
"Q185676",1
"Q1856893",3
"Q185698",5
"Q18576582",3
"Q185796",1
"Q185816",2
"Q185837",3
"Q1858477",1
"Q18585594",1
"Q185870",3
"Q185905",21
"Q185925",5
"Q185939",1
"Q185957",5
"Q18608498",1
"Q18614659",7
"Q186167",1
"Q186192",1
"Q186247",3
"Q1862618",3
"Q1862884",1
"Q186290",1
"Q1863402",2
"Q186368",3
"Q18639596",2
"Q186398",1
"Q18646422",52
"Q18648757",1
"Q186506",7
"Q186529",3
"Q18653601",1
"Q186563",1
"Q186608",2
"Q18671735",2
"Q1867820",1
"Q18681625",1
"Q18692025",10
"Q186946",1
"Q18695611",2
"Q18698858",1
"Q18699055",1
"Q187097",1
"Q1871151",6
"Q187234",2
"Q187300",1
"Q18733",2
"Q187360",1
"Q1874510",1
"Q18746747",1
"Q18749627",1
"Q187560",1
"Q18757",2
"Q18762368",1
"Q18762370",1
"Q187650",1
"Q1877483",2
"Q187776",1
"Q1878023",1
"Q187819",1
"Q18784426",3
"Q18784534",1
"Q1878571",1
"Q187860",7
"Q1879388",1
"Q1879493",1
"Q188008",4
"Q188063",5
"Q18811686",1
"Q188209",2
"Q18826862",1
"Q188444",1
"Q188449",2
"Q188518",1
"Q188522",11
"Q188531",1
"Q188534",5
"Q1885401",1
"Q188543",1
"Q188575",1
"Q1886110",1
"Q188619",5
"Q1886589",1
"Q1887075",1
"Q1887426",1
"Q188777",1
"Q188844",2
"Q188879",1
"Q188886",1
"Q188958",2
"Q188968",3
"Q1889778",1
"Q1890958",1
"Q1891685",1
"Q189210",4
"Q1892146",1
"Q189218",3
"Q189294",4
"Q189302",2
"Q1893102",1
"Q189329",1
"Q18939591",1
"Q189409",5
"Q18943721",1
"Q189475",1
"Q18957",1
"Q189570",1
"Q189571",2
"Q18960",1
"Q189643",2
"Q1896477",1
"Q18966254",1
"Q18966317",7
"Q18966672",12
"Q18967087",7
"Q18967534",1
"Q18967720",1
"Q18968218",29
"Q18971468",4
"Q189722",2
"Q18973",1
"Q189746",1
"Q18975212",1
"Q18975241",1
"Q18975470",1
"Q18975606",1
"Q18975722",1
"Q18975815",17
"Q18975915",1
"Q189774",2
"Q189796",3
"Q189829",3
"Q189838",1
"Q189951",2
"Q1899576",1
"Q19000425",4
"Q19000448",1
"Q19000477",1
"Q19000619",7
"Q19000703",1
"Q19000736",2
"Q19001025",1
"Q19001407",1
"Q1900281",1
"Q190052",1
"Q1900600",1
"Q1900672",1
"Q190102",1
"Q190132",1
"Q190136",1
"Q190139",1
"Q19018468",1
"Q190258",1
"Q190353",2
"Q1903640",1
"Q19036430",1
"Q1903785",1
"Q190401",2
"Q190489",6
"Q19052",1
"Q190546",1
"Q190586",1
"Q1907514",1
"Q1907770",1
"Q190837",1
"Q19088",7
"Q1909041",2
"Q190932",2
"Q190977",5
"Q190992",19
"Q191072",3
"Q191081",1
"Q1911852",1
"Q191296",1
"Q191431",3
"Q19159",1
"Q1915955",2
"Q1916402",1
"Q1916611",1
"Q191701",1
"Q191783",1
"Q191797",4
"Q191831",1
"Q191866",1
"Q191875",3
"Q191935",2
"Q191936",1
"Q192043",3
"Q192047",3
"Q192060",1
"Q192068",1
"Q192089",4
"Q192120",4
"Q19214824",1
"Q192227",2
"Q192280",1
"Q1922981",1
"Q192386",1
"Q192439",1
"Q1924906",1
"Q19251",1
"Q192532",2
"Q1925978",1
"Q192696",2
"Q192757",1
"Q192786",3
"Q192842",1
"Q192852",1
"Q192854",3
"Q192886",1
"Q192899",3
"Q192907",2
"Q193041",2
"Q1930620",1
"Q193083",2
"Q19309317",2
"Q193097",1
"Q193119",1
"Q19315421",1
"Q193159",1
"Q193161",8
"Q1931791",1
"Q1931829",1
"Q193247",1
"Q193276",2
"Q193280",3
"Q193343",3
"Q193432",4
"Q193442",1
"Q19347181",2
"Q1934745",1
"Q19349423",1
"Q1935107",1
"Q193543",1
"Q193563",1
"Q193592",6
"Q1936223",1
"Q1936256",1
"Q1936640",10
"Q193760",1
"Q1937846",1
"Q1937950",1
"Q193858",1
"Q193918",1
"Q1939209",1
"Q1940122",1
"Q194105",2
"Q194134",1
"Q1941561",1
"Q194163",1
"Q1941660",1
"Q19422453",1
"Q19423209",1
"Q194274",4
"Q194290",4
"Q194517",3
"Q194520",1
"Q19483216",1
"Q19490217",1
"Q19492477",1
"Q19508445",3
"Q19509099",1
"Q1952032",3
"Q1952420",1
"Q19531187",1
"Q1954860",1
"Q19557",1
"Q19559882",8
"Q19576",2
"Q19577",1
"Q1957787",3
"Q1959446",3
"Q19602879",3
"Q1960395",1
"Q19605",3
"Q19609",4
"Q1962576",1
"Q1962993",5
"Q1964442",1
"Q1964955",2
"Q1966013",1
"Q196627",2
"Q19670728",1
"Q1967218",1
"Q196819",1
"Q19689779",1
"Q196939",4
"Q1970256",2
"Q1970286",1
"Q1970438",2
"Q19707",2
"Q1972017",2
"Q1973834",2
"Q1973860",1
"Q1975046",1
"Q1975192",1
"Q19754230",1
"Q1975533",2
"Q19762830",4
"Q1978634",1
"Q1978681",1
"Q1978962",4
"Q19799234",2
"Q19801288",2
"Q19805",1
"Q19816651",4
"Q19818",1
"Q19822352",2
"Q19828057",1
"Q19829125",44
"Q19829510",4
"Q1983003",1
"Q19831149",1
"Q19832689",8
"Q19841298",2
"Q19841349",2
"Q198438",1
"Q19844105",1
"Q19855028",1
"Q1985638",1
"Q19867345",1
"Q19869438",3
"Q1988322",2
"Q1988378",17
"Q19895225",1
"Q1989975",2
"Q199",1
"Q19901267",4
"Q19902884",22
"Q19916",1
"Q1991663",3
"Q199182",1
"Q19921793",1
"Q19921962",1
"Q19926433",2
"Q19926549",2
"Q1992891",1
"Q199301",1
"Q199388",2
"Q19953535",1
"Q1996518",1
"Q19969419",1
"Q1996993",2
"Q199771",1
"Q199895",1
"Q199906",1
"Q1999580",1
"Q2001056",1
"Q2001988",1
"Q20020099",1
"Q2002370",2
"Q20025024",1
"Q20026782",1
"Q20028073",2
"Q2002929",5
"Q2003895",1
"Q20043558",1
"Q2004575",3
"Q20050792",2
"Q2005597",1
"Q2006324",1
"Q20081250",1
"Q20086425",14
"Q20089046",1
"Q20106781",1
"Q201190",2
"Q2012",2
"Q2013137",1
"Q20154706",1
"Q2015874",2
"Q20182357",1
"Q201833",2
"Q20190314",1
"Q201936",1
"Q201959",1
"Q201984",1
"Q20199426",1
"Q202142",1
"Q202298",1
"Q2024200",1
"Q202466",1
"Q202471",1
"Q202712",2
"Q202763",1
"Q202808",4
"Q202812",1
"Q2028815",5
"Q2028995",4
"Q2029841",4
"Q2029941",2
"Q2030064",1
"Q2030347",1
"Q2031017",1
"Q2033665",1
"Q2034559",1
"Q203597",1
"Q2038619",3
"Q2039408",1
"Q203973",1
"Q204",1
"Q2041444",1
"Q204179",393
"Q204244",1
"Q2043282",4
"Q2044037",5
"Q20442589",1
"Q204481",2
"Q204520",1
"Q2045578",1
"Q2045669",1
"Q204570",2
"Q204680",1
"Q2047589",1
"Q204835",1
"Q204886",2
"Q204896",1
"Q204952",1
"Q204954",1
"Q205",1
"Q205021",1
"Q205049",2
"Q205084",1
"Q205253",3
"Q205295",1
"Q205398",5
"Q205451",2
"Q2056335",1
"Q206060",3
"Q206077",5
"Q206175",3
"Q206202",1
"Q2063",3
"Q2063072",2
"Q20634",3
"Q20645113",10
"Q20650896",1
"Q20651312",1
"Q20664331",4
"Q20667040",1
"Q20668387",2
"Q206765",1
"Q2067937",1
"Q20680326",10
"Q2068248",1
"Q2068324",1
"Q2068348",2
"Q206921",1
"Q2069238",3
"Q206935",1
"Q206937",2
"Q2069922",1
"Q207011",4
"Q20704224",11
"Q207137",1
"Q2071589",1
"Q2071902",1
"Q207203",1
"Q2072447",1
"Q2072471",1
"Q207315",1
"Q2073487",5
"Q20735720",10
"Q20739865",11
"Q20739881",10
"Q20745627",3
"Q2074777",1
"Q20748648",20
"Q20750300",1
"Q207529",4
"Q207645",8
"Q207648",1
"Q2076966",10
"Q207712",7
"Q207714",4
"Q20776249",5
"Q207804",6
"Q207857",3
"Q2078905",1
"Q20790",3
"Q207976",1
"Q207988",1
"Q208107",3
"Q2081159",1
"Q208129",1
"Q208144",2
"Q20817212",1
"Q208239",3
"Q20826906",1
"Q20828950",1
"Q20829260",2
"Q2083647",3
"Q208365",1
"Q208383",1
"Q2083902",1
"Q2084051",1
"Q208542",1
"Q2086008",2
"Q208701",1
"Q20871948",1
"Q2087545",1
"Q208791",2
"Q2088390",3
"Q20890541",1
"Q20891350",1
"Q2089287",1
"Q20898067",2
"Q2090575",1
"Q2091629",8
"Q2092093",1
"Q20921471",1
"Q2092296",5
"Q2092820",2
"Q209295",1
"Q209440",2
"Q209491",1
"Q2096452",6
"Q209655",4
"Q20971450",1
"Q209726",5
"Q209760",1
"Q20976813",1
"Q2098111",1
"Q20984678",1
"Q209934",2
"Q20995342",4
"Q21004662",1
"Q21005",8
"Q210053",2
"Q2100708",10
"Q21012419",2
"Q21014657",1
"Q2101827",1
"Q2102",5
"Q2102385",1
"Q2102780",1
"Q21032902",2
"Q210347",1
"Q210369",1
"Q21044622",1
"Q210521",4
"Q21055923",1
"Q2105922",3
"Q210611",2
"Q21074346",1
"Q21081474",2
"Q21083885",1
"Q210868",1
"Q21087161",2
"Q210947",1
"Q21094868",1
"Q21095877",1
"Q210978",1
"Q2110260",1
"Q2110364",3
"Q211171",2
"Q21117406",2
"Q21117411",1
"Q21120148",1
"Q2112502",1
"Q21127747",4
"Q211331",1
"Q2113454",1
"Q21136",2
"Q2114175",1
"Q2114906",1
"Q2115",10
"Q211569",1
"Q211578",2
"Q211606",2
"Q21162217",1
"Q21162481",1
"Q21168703",4
"Q21170303",1
"Q21171241",1
"Q21172227",1
"Q21192463",1
"Q2119376",1
"Q21196",2
"Q2119820",1
"Q21201861",1
"Q212036",2
"Q2120608",2
"Q212108",5
"Q2122933",1
"Q2123671",5
"Q2124131",1
"Q2125374",1
"Q212542",1
"Q21263930",1
"Q2127468",1
"Q21281178",1
"Q212829",5
"Q212913",1
"Q212919",1
"Q212926",2
"Q212940",1
"Q212954",1
"Q2130216",1
"Q2130426",47
"Q213096",2
"Q213156",6
"Q2131764",1
"Q213371",1
"Q213373",5
"Q2134627",1
"Q213468",1
"Q213488",2
"Q2135331",1
"Q2135540",2
"Q213594",2
"Q2136103",2
"Q2137311",1
"Q2137554",1
"Q2137739",1
"Q2137778",2
"Q2138304",10
"Q213853",11
"Q213926",1
"Q213970",1
"Q2139963",2
"Q21402249",3
"Q2140261",2
"Q2141106",1
"Q2141130",2
"Q2141565",3
"Q214214",2
"Q2142347",2
"Q2142602",4
"Q214267",1
"Q2142903",1
"Q2143665",1
"Q214377",1
"Q2143884",2
"Q2144405",2
"Q2144663",1
"Q2145110",1
"Q2145130",1
"Q2145270",1
"Q214528",1
"Q2145615",1
"Q214638",1
"Q2146446",3
"Q214680",2
"Q21481320",2
"Q2148385",1
"Q214863",1
"Q2149036",1
"Q214961",1
"Q214963",1
"Q214995",5
"Q21503252",2
"Q2150504",4
"Q21507902",1
"Q21507928",1
"Q2151313",1
"Q2151963",4
"Q215227",2
"Q215248",2
"Q21590660",7
"Q21601984",1
"Q2161625",1
"Q216211",1
"Q216227",1
"Q2162458",1
"Q21641570",1
"Q2164944",2
"Q2165135",1
"Q21651901",1
"Q21651927",1
"Q21651973",1
"Q21654857",1
"Q2165493",1
"Q21656234",1
"Q21659",1
"Q21662746",5
"Q2166448",1
"Q216672",3
"Q2166744",1
"Q216685",2
"Q216795",4
"Q21694262",1
"Q217086",3
"Q217123",3
"Q217170",1
"Q217184",1
"Q2171942",1
"Q217255",1
"Q217357",3
"Q217413",2
"Q2176252",1
"Q21789728",1
"Q2179",2
"Q218005",1
"Q2185998",1
"Q2186316",1
"Q2186582",60
"Q21893648",1
"Q21897359",2
"Q2192",1
"Q21928196",1
"Q21950738",4
"Q219534",2
"Q2195856",1
"Q2196118",1
"Q2197452",1
"Q219764",4
"Q219858",3
"Q21996360",2
"Q220072",9
"Q220379",1
"Q220543",1
"Q2207512",2
"Q22082717",1
"Q22082749",6
"Q220830",6
"Q220868",1
"Q221123",1
"Q221205",4
"Q221290",1
"Q2215100",1
"Q221547",1
"Q221641",2
"Q2216979",1
"Q221712",1
"Q221725",3
"Q221726",1
"Q2217739",1
"Q221836",1
"Q221911",2
"Q221979",1
"Q2226062",1
"Q222749",6
"Q222764",1
"Q222903",2
"Q223044",1
"Q223166",1
"Q223200",1
"Q223341",1
"Q2237880",1
"Q2238534",1
"Q223907",4
"Q223998",1
"Q224107",1
"Q2241223",3
"Q22445448",2
"Q224513",1
"Q22467356",1
"Q2247050",3
"Q2249676",2
"Q2250008",1
"Q2250795",1
"Q2250880",1
"Q2252028",3
"Q2252077",8
"Q2252869",1
"Q2258160",1
"Q2258214",2
"Q226031",1
"Q2261522",2
"Q226418",1
"Q22651",2
"Q2265547",1
"Q2266263",3
"Q22666",1
"Q22671",2
"Q22674939",1
"Q22675021",3
"Q22676587",2
"Q2267705",3
"Q2267989",1
"Q2268045",1
"Q22683249",1
"Q22687823",1
"Q2270029",1
"Q2271117",1
"Q2271240",1
"Q22722",3
"Q2272222",1
"Q22724",3
"Q22725",2
"Q2274587",1
"Q227505",1
"Q227515",1
"Q2275191",1
"Q2275310",2
"Q2275640",1
"Q2275677",2
"Q2277510",4
"Q2278370",1
"Q2279088",1
"Q227936",2
"Q2280273",2
"Q22811707",4
"Q22812148",5
"Q22815096",1
"Q2282377",1
"Q2282469",2
"Q228261",1
"Q22830011",4
"Q228332",5
"Q22833463",1
"Q228390",2
"Q228435",2
"Q22845830",1
"Q228466",2
"Q228502",4
"Q228537",1
"Q2287198",1
"Q228752",1
"Q2290340",1
"Q2290683",1
"Q22909672",1
"Q2291044",1
"Q2291064",1
"Q22910791",1
"Q2292993",2
"Q2294553",1
"Q22951081",8
"Q2295204",1
"Q2296401",1
"Q2297155",1
"Q2297554",1
"Q2297721",1
"Q22978020",1
"Q22981496",1
"Q2298529",4
"Q2298537",2
"Q23003",1
"Q23005640",2
"Q2300748",1
"Q23013246",1
"Q2301641",1
"Q2303305",1
"Q23039137",1
"Q23043688",1
"Q2304418",2
"Q23047376",1
"Q230533",1
"Q23054375",2
"Q2306006",1
"Q2306510",1
"Q230711",3
"Q230724",1
"Q2307625",1
"Q2308158",1
"Q230981",1
"Q2310015",1
"Q2312",1
"Q2313089",1
"Q2313235",1
"Q2313828",4
"Q2313929",1
"Q2314176",1
"Q231425",5
"Q231443",1
"Q231924",2
"Q23199308",2
"Q232358",2
"Q2325101",1
"Q2328318",1
"Q2328828",1
"Q2329041",1
"Q2329480",1
"Q23303222",1
"Q2330410",1
"Q2330570",2
"Q2332125",2
"Q2332751",3
"Q2333241",1
"Q2336398",3
"Q23364",1
"Q233762",2
"Q2337967",1
"Q233858",2
"Q23400",1
"Q23407",2
"Q234081",1
"Q234110",1
"Q234129",1
"Q2345125",1
"Q2346247",3
"Q23485",2
"Q234953",1
"Q235007",1
"Q23501",3
"Q2350226",1
"Q2350342",1
"Q2351326",2
"Q2352347",1
"Q235329",3
"Q235396",9
"Q235419",4
"Q2354820",2
"Q2355426",2
"Q2355696",2
"Q2355817",1
"Q235585",1
"Q2356913",1
"Q2357256",1
"Q2357303",1
"Q2359118",1
"Q2360655",1
"Q236122",4
"Q2361869",1
"Q2362761",1
"Q2363357",1
"Q2363721",5
"Q2364784",1
"Q23660930",18
"Q2366336",8
"Q2367101",2
"Q2367132",1
"Q23679",1
"Q2369159",1
"Q2371092",1
"Q237157",1
"Q2372081",1
"Q2374515",1
"Q23763484",1
"Q2376563",5
"Q23767",1
"Q23773905",2
"Q237757",1
"Q237789",1
"Q2378396",2
"Q2378979",1
"Q23793233",2
"Q2379783",1
"Q238170",1
"Q23817612",1
"Q23817743",2
"Q23828704",3
"Q23828916",2
"Q23835349",2
"Q23835475",5
"Q238499",1
"Q2386764",1
"Q23882",4
"Q2389066",1
"Q2390458",1
"Q23905145",1
"Q2392011",1
"Q23940203",2
"Q2394336",1
"Q2396633",1
"Q239813",7
"Q239825",2
"Q2399307",4
"Q240046",1
"Q24004657",1
"Q24007814",2
"Q24017852",1
"Q24036257",1
"Q24037904",1
"Q24051431",1
"Q2405145",1
"Q24053069",1
"Q24054098",1
"Q24054727",1
"Q24055719",1
"Q24058033",6
"Q2407",6
"Q241181",3
"Q2413657",1
"Q2415157",3
"Q2415537",1
"Q241696",13
"Q241741",10
"Q24189114",5
"Q24192229",1
"Q2419566",2
"Q2421951",3
"Q242360",1
"Q24238509",1
"Q2425292",1
"Q24255051",1
"Q24259144",1
"Q24261078",1
"Q24265536",2
"Q242657",1
"Q24275211",2
"Q24282822",1
"Q24290094",2
"Q2431125",4
"Q243237",2
"Q243261",1
"Q243449",11
"Q2435085",1
"Q243519",1
"Q243545",1
"Q24354647",1
"Q2440634",2
"Q244157",1
"Q244194",1
"Q2441998",1
"Q2443822",1
"Q24442740",1
"Q2445201",1
"Q2445916",2
"Q2446710",1
"Q2446724",1
"Q24476018",1
"Q2448110",8
"Q2449511",1
"Q244979",4
"Q244982",2
"Q244990",1
"Q245115",1
"Q245117",5
"Q2451731",2
"Q24517852",3
"Q245188",2
"Q24530942",1
"Q2454987",1
"Q245696",28
"Q2456968",1
"Q245962",2
"Q2459773",1
"Q246",1
"Q246052",1
"Q246085",2
"Q24616",1
"Q2463384",1
"Q2463395",1
"Q2464727",1
"Q2466334",1
"Q246644",4
"Q2467845",1
"Q24680",1
"Q2468572",1
"Q24686942",1
"Q247154",1
"Q24719686",1
"Q24719719",1
"Q24719770",1
"Q24720280",1
"Q24720327",1
"Q24720355",1
"Q24720368",3
"Q24720416",2
"Q24720469",6
"Q24720576",1
"Q24720586",11
"Q24720602",1
"Q24720734",4
"Q24720766",20
"Q24720776",5
"Q24720782",2
"Q24720791",10
"Q24720799",1
"Q24720805",9
"Q24720833",6
"Q24720835",4
"Q24720873",8
"Q24721028",1
"Q24721034",1
"Q24721050",1
"Q24721058",2
"Q24721200",2
"Q24721232",1
"Q24721243",2
"Q24721261",2
"Q24721280",1
"Q24721291",2
"Q24721305",1
"Q24721420",2
"Q24721451",2
"Q24721457",1
"Q24721523",2
"Q24721685",1
"Q24721808",1
"Q24721818",1
"Q24721833",3
"Q24722007",3
"Q24722080",3
"Q24722085",2
"Q24722322",3
"Q24722342",13
"Q24722462",2
"Q24722556",1
"Q24722578",1
"Q24722600",3
"Q24722877",1
"Q24722966",2
"Q24723016",1
"Q24723068",2
"Q24723149",1
"Q24723191",3
"Q24723225",1
"Q24723237",8
"Q24723291",1
"Q24723376",1
"Q24723422",2
"Q24723456",1
"Q24723463",1
"Q24723575",2
"Q24723587",2
"Q24723735",2
"Q24723845",1
"Q24724137",19
"Q24724143",4
"Q24724144",3
"Q24724146",23
"Q24724153",4
"Q24724158",1
"Q24724166",2
"Q24724174",3
"Q24724188",2
"Q24724197",2
"Q24724202",3
"Q24724212",37
"Q24724214",9
"Q24724221",1
"Q24724231",1
"Q24724265",2
"Q24724273",3
"Q24724305",2
"Q24724527",3
"Q24724550",1
"Q24724552",1
"Q24724692",1
"Q24724713",1
"Q24724714",1
"Q24724806",2
"Q24724847",1
"Q24724963",1
"Q24725044",2
"Q24725139",1
"Q24725207",2
"Q24725230",1
"Q24725350",2
"Q24725357",1
"Q24725400",1
"Q24725444",2
"Q24725495",1
"Q24725521",1
"Q24725592",1
"Q24725604",2
"Q24725627",1
"Q24725671",8
"Q24725675",1
"Q24725685",5
"Q24725725",2
"Q24725833",1
"Q24725845",1
"Q24725857",15
"Q24725873",1
"Q24725875",1
"Q24725876",17
"Q24725883",31
"Q24725941",1
"Q24725964",6
"Q24726070",2
"Q24726075",1
"Q24726164",8
"Q24726176",2
"Q24726237",2
"Q24726238",1
"Q24726396",4
"Q24726397",2
"Q24726464",1
"Q24726474",1
"Q24726502",1
"Q24726644",1
"Q24726684",1
"Q24726771",4
"Q24726779",1
"Q24726905",5
"Q24726930",21
"Q24727007",1
"Q24727103",3
"Q24727312",2
"Q24727374",2
"Q247299",1
"Q2473370",1
"Q2473705",1
"Q24738745",1
"Q24738794",1
"Q24739035",1
"Q24739241",2
"Q24739243",1
"Q24739346",2
"Q24739373",1
"Q24739440",1
"Q24739514",1
"Q24739557",1
"Q24739695",1
"Q24739729",1
"Q24739772",2
"Q24739832",1
"Q24740075",2
"Q24740149",1
"Q24740184",1
"Q24740599",1
"Q24740629",1
"Q2474068",1
"Q24740683",2
"Q24740854",1
"Q24741088",1
"Q24741113",1
"Q24741298",1
"Q24741435",1
"Q24741627",1
"Q24741628",2
"Q24741677",1
"Q24741852",2
"Q24741956",1
"Q24742062",2
"Q24742069",5
"Q24742075",1
"Q24743680",4
"Q24743814",1
"Q24744727",1
"Q24744945",9
"Q24744990",1
"Q24745010",1
"Q24745246",1
"Q24745877",1
"Q24746036",1
"Q247478",1
"Q24759432",1
"Q24766701",1
"Q24766813",1
"Q24766851",3
"Q24766872",1
"Q24766944",1
"Q24767870",1
"Q24767885",2
"Q24768307",1
"Q24768311",3
"Q24768413",1
"Q24768425",1
"Q24768526",1
"Q24768578",1
"Q24768581",2
"Q24768680",1
"Q24768763",1
"Q24768833",2
"Q24768845",12
"Q24768846",4
"Q24768912",2
"Q24769046",1
"Q24769134",3
"Q24769143",2
"Q24769195",2
"Q24769358",3
"Q24769520",1
"Q24769639",11
"Q24769759",1
"Q24769777",2
"Q24769952",21
"Q24769971",1
"Q24770284",1
"Q24770412",2
"Q24770496",2
"Q24770515",2
"Q24770690",1
"Q24770809",8
"Q24770889",1
"Q24770938",1
"Q24771005",2
"Q24771060",4
"Q24771086",1
"Q24771196",1
"Q24771203",1
"Q24771256",1
"Q24771324",2
"Q24771413",3
"Q24771478",1
"Q24771501",1
"Q24771508",2
"Q24771559",1
"Q24771596",1
"Q24771674",1
"Q24771680",2
"Q24771728",1
"Q24771787",2
"Q24771884",1
"Q24771904",1
"Q24771910",1
"Q24772015",9
"Q24772185",1
"Q24772227",1
"Q24772577",1
"Q24772708",4
"Q24772741",1
"Q24772816",1
"Q24772965",1
"Q24773006",5
"Q24773027",12
"Q24773039",2
"Q24773139",8
"Q24773187",1
"Q24773193",1
"Q2477326",1
"Q24773388",1
"Q24773415",3
"Q24773432",2
"Q24773507",1
"Q24773531",3
"Q24773557",1
"Q24773669",1
"Q24773736",1
"Q24773738",1
"Q24773767",4
"Q24774110",1
"Q24774250",1
"Q24774274",25
"Q24774299",2
"Q24774455",1
"Q24774474",1
"Q2477464",1
"Q24774706",2
"Q24774737",2
"Q24774897",1
"Q24774950",1
"Q24774984",1
"Q24775085",1
"Q24775156",2
"Q24775249",1
"Q24775601",1
"Q24775614",1
"Q24775720",4
"Q24775835",1
"Q24775891",1
"Q24776000",1
"Q24776069",2
"Q24776094",1
"Q24776160",1
"Q24776171",2
"Q24776395",3
"Q24776493",1
"Q24776618",1
"Q24776669",1
"Q24776718",1
"Q24776948",2
"Q24776984",1
"Q24777062",1
"Q24777064",1
"Q24777208",1
"Q24777219",3
"Q24777269",2
"Q24777276",1
"Q24777344",6
"Q24777352",12
"Q24777360",1
"Q24777390",1
"Q24777471",1
"Q24777474",2
"Q24777639",1
"Q24777667",1
"Q24777764",2
"Q24777776",1
"Q24777879",1
"Q24778150",2
"Q24778163",2
"Q24778214",3
"Q24778289",1
"Q24778457",1
"Q24778536",1
"Q24779015",1
"Q24779217",1
"Q24779315",2
"Q24779335",4
"Q24779360",2
"Q24779446",1
"Q24779613",3
"Q24779633",3
"Q24779648",2
"Q24779685",2
"Q24779779",1
"Q24779831",1
"Q24779874",1
"Q24779971",1
"Q24780081",11
"Q2478010",2
"Q24780168",1
"Q24780207",1
"Q24780258",11
"Q24780316",2
"Q24780341",1
"Q24780424",6
"Q24780555",1
"Q24780646",1
"Q24780673",1
"Q24780678",1
"Q24780686",1
"Q24780690",1
"Q24780694",1
"Q24780730",1
"Q24780736",16
"Q24780980",2
"Q24781040",1
"Q24781113",1
"Q24781135",1
"Q24781206",1
"Q24781248",3
"Q24781430",1
"Q24781559",1
"Q24781753",4
"Q24781871",2
"Q24781874",1
"Q24781994",1
"Q24782090",1
"Q24782190",1
"Q24782225",2
"Q24782281",2
"Q24782303",1
"Q24782402",1
"Q24782455",2
"Q24782462",1
"Q24782645",1
"Q24782755",1
"Q24782869",2
"Q24782941",1
"Q24782953",2
"Q24783022",3
"Q24783080",1
"Q24783304",1
"Q24783534",1
"Q24783539",4
"Q24783574",1
"Q24783619",1
"Q24783670",2
"Q24783694",1
"Q24783737",2
"Q24783841",2
"Q24783943",1
"Q24783967",7
"Q24783987",1
"Q24784033",1
"Q24784214",2
"Q24784414",1
"Q24784519",1
"Q24784564",1
"Q24784594",2
"Q24784652",2
"Q24784679",1
"Q24784686",3
"Q24784707",2
"Q24784804",3
"Q24784823",1
"Q24784827",1
"Q24784857",1
"Q24784863",8
"Q24784920",4
"Q24785038",1
"Q24785143",4
"Q24785163",5
"Q24785225",1
"Q24785401",3
"Q24785550",3
"Q24785579",2
"Q24785855",3
"Q24785859",2
"Q24785919",1
"Q24785952",2
"Q24786013",6
"Q24786143",1
"Q24786212",2
"Q24786298",2
"Q24786519",7
"Q24786645",1
"Q24786870",2
"Q24787030",1
"Q24787067",1
"Q24787105",1
"Q24787212",1
"Q24787250",1
"Q24787293",2
"Q24787412",1
"Q24787416",2
"Q24787484",6
"Q24787550",1
"Q24787560",1
"Q24787563",1
"Q24787617",1
"Q24787631",5
"Q24787648",4
"Q24787704",4
"Q24787712",1
"Q24787807",1
"Q24787809",2
"Q24787819",6
"Q24787931",1
"Q24788327",1
"Q24788474",1
"Q24788648",2
"Q2481549",1
"Q248382",3
"Q24841283",2
"Q2484680",1
"Q2485083",1
"Q2485878",1
"Q2487608",1
"Q2488257",5
"Q2488579",1
"Q24899369",1
"Q249027",1
"Q249608",1
"Q249743",1
"Q2498771",1
"Q2499115",7
"Q2501507",4
"Q25038162",1
"Q2507454",3
"Q2507626",1
"Q250840",2
"Q2508409",1
"Q2510801",2
"Q2513517",1
"Q251473",1
"Q2515887",2
"Q2516866",2
"Q2517676",1
"Q2518211",1
"Q25182602",1
"Q2518689",6
"Q2519113",1
"Q2520581",1
"Q252171",1
"Q25245",2
"Q25261",10
"Q2526135",23
"Q25265",2
"Q25273",1
"Q2527550",1
"Q252829",1
"Q25303616",11
"Q25304843",1
"Q25309",1
"Q25312",2
"Q25314",3
"Q25319175",2
"Q25324086",1
"Q253278",1
"Q25336",2
"Q25340358",3
"Q25341",2
"Q253410",1
"Q25343",1
"Q25345944",1
"Q25348",1
"Q2535401",1
"Q2535546",2
"Q253567",1
"Q25357",1
"Q25358",2
"Q253590",3
"Q2536390",1
"Q25364",2
"Q253655",1
"Q25368",2
"Q253732",1
"Q2537428",1
"Q25377050",1
"Q25377065",1
"Q2537906",4
"Q253855",1
"Q25386913",1
"Q25388988",1
"Q253897",1
"Q25396824",1
"Q25397729",1
"Q25414943",1
"Q25437",1
"Q254758",1
"Q2547819",2
"Q2548750",2
"Q2549029",1
"Q254917",2
"Q2549274",1
"Q25497",2
"Q2549943",1
"Q2553861",1
"Q255503",8
"Q2556103",3
"Q2556209",1
"Q2556346",1
"Q255731",2
"Q25576177",1
"Q2557678",1
"Q25587",1
"Q255975",1
"Q2560088",1
"Q2560552",3
"Q2561118",3
"Q256132",3
"Q2561624",2
"Q25661",1
"Q256699",1
"Q25670",1
"Q2569128",1
"Q2571006",1
"Q257120",1
"Q2573513",1
"Q2575688",1
"Q2578557",1
"Q25814",1
"Q25834850",1
"Q2583515",1
"Q2584491",1
"Q2586148",2
"Q2587922",1
"Q2589940",1
"Q259080",2
"Q25916",1
"Q2592062",1
"Q2593739",1
"Q2594775",1
"Q2598585",1
"Q26001247",3
"Q26012",1
"Q26012310",5
"Q2601394",1
"Q2601788",1
"Q2602778",3
"Q260521",1
"Q2605607",1
"Q260899",4
"Q2611907",2
"Q2612293",1
"Q26126",1
"Q26145018",2
"Q2616064",1
"Q26161215",1
"Q26161438",2
"Q26205901",1
"Q26209678",1
"Q262109",1
"Q2621792",1
"Q26225677",4
"Q2622641",1
"Q2623678",1
"Q262372",2
"Q26240",4
"Q2626019",1
"Q26262121",2
"Q26262142",3
"Q26262236",2
"Q26262238",2
"Q2626534",2
"Q26266571",1
"Q26267225",1
"Q2630069",1
"Q2630234",1
"Q2630412",1
"Q2631032",2
"Q2631407",3
"Q2631509",2
"Q26321041",1
"Q2632182",1
"Q2632621",2
"Q2632731",1
"Q26332",1
"Q26336",1
"Q263421",8
"Q2634549",1
"Q2635635",4
"Q2637167",2
"Q2637367",1
"Q26375",2
"Q26377",1
"Q263809",1
"Q26388",5
"Q2642350",1
"Q2642826",1
"Q264441",5
"Q264592",1
"Q2648051",2
"Q2649726",1
"Q2650608",1
"Q265158",1
"Q265163",1
"Q2653441",1
"Q265424",1
"Q2654571",1
"Q26547",8
"Q2655726",1
"Q265619",1
"Q2657192",2
"Q2657794",14
"Q265871",1
"Q266018",1
"Q2662357",1
"Q2663677",1
"Q26643",4
"Q2665529",3
"Q2667279",1
"Q26688977",1
"Q2668909",3
"Q26700376",2
"Q26701162",5
"Q26710950",2
"Q26720715",1
"Q26726",2
"Q2673269",1
"Q26742032",1
"Q26769379",1
"Q267726",3
"Q26774052",1
"Q267907",1
"Q268194",1
"Q26819688",1
"Q26830783",1
"Q26839766",1
"Q268592",6
"Q268617",2
"Q268626",4
"Q26880566",1
"Q26883745",2
"Q26897133",1
"Q269107",1
"Q2692606",1
"Q26929442",2
"Q2693050",1
"Q2693051",3
"Q26932",1
"Q2694643",1
"Q26961323",3
"Q26961332",1
"Q2697787",12
"Q2699662",2
"Q27022",3
"Q270285",3
"Q27042858",1
"Q270471",2
"Q27050509",1
"Q27056812",2
"Q27062015",1
"Q27067406",9
"Q27070694",3
"Q27094",3
"Q27096258",2
"Q27103",5
"Q2710737",5
"Q2713301",1
"Q2714958",1
"Q2715310",1
"Q2716137",1
"Q2717006",1
"Q271707",1
"Q2718320",1
"Q271860",1
"Q271868",1
"Q27191",1
"Q271960",1
"Q272026",1
"Q2720909",2
"Q2721649",1
"Q2721980",1
"Q27225153",1
"Q27225758",1
"Q272268",1
"Q2723612",1
"Q2724242",4
"Q2724244",1
"Q27243428",1
"Q272458",1
"Q2725376",1
"Q272597",15
"Q2726026",2
"Q272629",3
"Q272683",3
"Q272870",1
"Q272999",3
"Q273088",1
"Q273283",1
"Q2732957",2
"Q273395",4
"Q273404",1
"Q273554",1
"Q2735683",1
"Q2735971",1
"Q2735986",1
"Q273613",11
"Q2736181",1
"Q273631",1
"Q2736507",1
"Q2736870",3
"Q273819",1
"Q2738499",8
"Q2738617",1
"Q273972",2
"Q2741122",1
"Q274160",1
"Q2741978",1
"Q27429979",89
"Q27441566",4
"Q2744306",1
"Q2744607",2
"Q2744736",1
"Q274502",1
"Q27491541",6
"Q27492289",1
"Q2751085",1
"Q2751097",1
"Q2752458",1
"Q2753888",1
"Q275419",2
"Q275447",1
"Q275456",2
"Q275466",7
"Q275473",3
"Q275650",1
"Q27569220",1
"Q276015",1
"Q276099",1
"Q2763",1
"Q276314",1
"Q27632300",1
"Q276325",1
"Q276469",4
"Q27680882",3
"Q27681141",1
"Q27684975",1
"Q27703191",1
"Q277466",6
"Q2776649",1
"Q2777436",1
"Q2778433",30
"Q2779833",1
"Q2780636",2
"Q2781672",2
"Q27820730",8
"Q2782618",1
"Q278425",1
"Q2784796",2
"Q278515",2
"Q2785397",1
"Q278818",1
"Q27887548",1
"Q27889272",1
"Q27891117",1
"Q27905684",1
"Q2790844",1
"Q27911",6
"Q27914",14
"Q27943364",1
"Q27943370",17
"Q279438",1
"Q2795791",2
"Q27969979",2
"Q2797033",2
"Q279704",1
"Q279749",1
"Q2798292",1
"Q27990955",1
"Q28009010",2
"Q28020574",1
"Q280221",1
"Q28024493",1
"Q28025056",2
"Q280413",2
"Q28047536",2
"Q28051279",1
"Q28052918",1
"Q2805523",3
"Q28056576",1
"Q2806436",1
"Q28097443",2
"Q2810677",1
"Q2810794",1
"Q2811588",1
"Q2812009",1
"Q28129886",1
"Q2813",3
"Q28136998",1
"Q2814116",1
"Q28146343",1
"Q28146465",1
"Q28152213",1
"Q28164164",2
"Q281719",3
"Q28185749",1
"Q281890",1
"Q28194297",1
"Q282011",2
"Q282019",1
"Q2822111",2
"Q2822290",2
"Q282250",2
"Q28226203",1
"Q282271",1
"Q28228887",1
"Q2823685",1
"Q2824097",1
"Q2824587",1
"Q2824642",1
"Q282557",3
"Q2826048",1
"Q2827286",1
"Q282739",1
"Q282744",3
"Q2827815",2
"Q2827826",1
"Q283",32
"Q28319",2
"Q28352",1
"Q28371782",1
"Q28371783",2
"Q28371786",1
"Q283771",1
"Q28390",1
"Q28418690",1
"Q28419131",1
"Q284220",2
"Q2844434",1
"Q28470",2
"Q28471353",1
"Q28485515",1
"Q2849494",1
"Q285028",1
"Q2851776",1
"Q28520605",2
"Q2852251",2
"Q28548188",8
"Q2855609",2
"Q285784",1
"Q2859156",2
"Q28598773",1
"Q28599815",1
"Q2862231",1
"Q2864250",1
"Q286471",3
"Q286576",1
"Q28665858",1
"Q28667703",1
"Q2868277",1
"Q2868706",1
"Q28693",3
"Q286972",1
"Q2869869",1
"Q2869890",1
"Q2873185",1
"Q28739264",1
"Q28771541",1
"Q28777925",1
"Q28778386",1
"Q2878277",1
"Q28789517",1
"Q28792993",2
"Q28804039",3
"Q28807042",5
"Q28810803",3
"Q28813620",1
"Q2881374",15
"Q288174",2
"Q2882238",1
"Q2882343",1
"Q28823994",1
"Q2883021",1
"Q28854784",2
"Q2885682",1
"Q28861955",6
"Q28861965",3
"Q28865",2
"Q28866457",1
"Q28867547",1
"Q288765",1
"Q2887889",1
"Q288928",3
"Q2890076",2
"Q28914848",1
"Q2891889",1
"Q2892536",1
"Q28937142",1
"Q2894775",2
"Q28947933",1
"Q28948136",1
"Q28955245",1
"Q28959347",1
"Q28962",4
"Q2897",1
"Q28989",7
"Q289891",1
"Q29014644",1
"Q2901966",1
"Q29042901",1
"Q29043203",1
"Q29043227",2
"Q29052255",1
"Q29053853",1
"Q2906749",1
"Q290723",2
"Q291",28
"Q2911974",1
"Q2912651",3
"Q2912707",1
"Q2914319",1
"Q2914540",1
"Q291495",1
"Q29171",9
"Q2917380",1
"Q2917486",1
"Q2917873",1
"Q2917928",1
"Q291808",1
"Q2918095",3
"Q2918349",1
"Q2918652",1
"Q2920483",1
"Q29205",1
"Q2921032",1
"Q2921550",3
"Q2922341",1
"Q2923666",2
"Q2930613",2
"Q29319451",1
"Q2933021",2
"Q29340",1
"Q29349307",3
"Q2935715",1
"Q2936142",2
"Q2936505",2
"Q2937172",1
"Q2937283",1
"Q29373558",1
"Q293765",1
"Q2937981",1
"Q293810",1
"Q293849",1
"Q29385660",1
"Q294159",1
"Q294324",1
"Q29437",1
"Q2944236",3
"Q2944360",2
"Q2945",2
"Q2945274",3
"Q2945560",2
"Q2946904",1
"Q29472543",2
"Q29475900",5
"Q2950610",10
"Q2950612",5
"Q295118",1
"Q2954810",1
"Q29564774",1
"Q29564800",1
"Q29564877",1
"Q29574534",4
"Q2957683",1
"Q29605336",1
"Q2961763",2
"Q2962444",2
"Q296277",1
"Q2963111",1
"Q2967212",2
"Q296760",2
"Q296859",3
"Q29688905",1
"Q297055",1
"Q2971515",1
"Q297323",1
"Q2976560",1
"Q29790983",1
"Q29800",3
"Q29800372",3
"Q2981513",3
"Q2982942",1
"Q2985253",1
"Q2986423",1
"Q29866935",1
"Q29881694",1
"Q298909",1
"Q29898848",1
"Q2990601",1
"Q2991281",1
"Q2992283",1
"Q2992500",1
"Q2992545",1
"Q2992610",1
"Q2992672",1
"Q2993098",3
"Q2993278",1
"Q29933858",2
"Q29933938",1
"Q299345",1
"Q2993777",4
"Q2993807",1
"Q2993960",1
"Q2994466",1
"Q2994640",1
"Q2994873",1
"Q29956308",1
"Q29956546",2
"Q29956712",1
"Q29956713",1
"Q29956717",1
"Q2997736",1
"Q29996",1
"Q3000040",20
"Q3000082",1
"Q3001050",2
"Q3001795",1
"Q30023303",1
"Q30026",1
"Q300294",1
"Q30046",97
"Q3005427",1
"Q3006041",1
"Q3006903",1
"Q3006989",1
"Q3007454",1
"Q300797",1
"Q30079797",2
"Q300867",1
"Q300914",1
"Q3010205",1
"Q30103009",3
"Q30104011",3
"Q30132082",1
"Q30149202",1
"Q301751",3
"Q301897",5
"Q302152",1
"Q3021669",1
"Q30224364",1
"Q3023341",1
"Q30242234",1
"Q3025161",2
"Q3025978",2
"Q3026419",1
"Q302726",1
"Q3028081",1
"Q30303016",4
"Q3030545",1
"Q3030569",2
"Q3030571",1
"Q3030793",1
"Q30308751",1
"Q30317051",2
"Q30317289",1
"Q30321072",1
"Q303329",1
"Q3034376",1
"Q3039938",1
"Q3041327",1
"Q304191",2
"Q304213",1
"Q3042646",1
"Q3043159",2
"Q3044440",2
"Q3044817",1
"Q3045969",2
"Q304618",1
"Q304863",1
"Q3049298",1
"Q304944",1
"Q30505248",2
"Q3050567",4
"Q3050612",2
"Q3051888",1
"Q3053938",4
"Q3054575",1
"Q3054723",1
"Q306093",1
"Q3061859",1
"Q3063213",1
"Q3064259",1
"Q3064951",1
"Q3065187",1
"Q306527",1
"Q306661",1
"Q3067433",1
"Q30686955",2
"Q3075310",3
"Q3076656",1
"Q3077016",7
"Q3077171",4
"Q3077464",1
"Q30776554",8
"Q3080484",1
"Q3081503",1
"Q308292",7
"Q3083164",1
"Q308463",1
"Q308762",2
"Q3088366",1
"Q308859",2
"Q3088776",1
"Q308881",1
"Q3089676",1
"Q309038",1
"Q30917",1
"Q30921722",6
"Q3094451",1
"Q3095025",4
"Q3097812",2
"Q3097973",1
"Q3098650",1
"Q309901",2
"Q3099854",1
"Q31011",1
"Q310282",1
"Q3103421",2
"Q3109359",1
"Q3109604",1
"Q310997",1
"Q311071",2
"Q3110778",1
"Q31110",1
"Q3111510",1
"Q3112410",1
"Q311255",2
"Q3115549",1
"Q311935",2
"Q311995",3
"Q312154",1
"Q3123740",1
"Q312496",2
"Q3127570",2
"Q31354",3
"Q3136081",2
"Q3137058",1
"Q3137454",1
"Q3138714",1
"Q3139487",1
"Q3140971",3
"Q3141064",1
"Q314128",1
"Q314183",1
"Q31431",1
"Q3143131",1
"Q314469",1
"Q3145138",2
"Q3147703",5
"Q3149562",3
"Q31508",2
"Q3151043",2
"Q3151630",1
"Q3151902",1
"Q3152279",2
"Q3152379",2
"Q315364",3
"Q3155356",1
"Q315630",5
"Q316",3
"Q31629",18
"Q3168400",1
"Q31687",2
"Q317283",2
"Q31732",2
"Q3177118",1
"Q3177897",2
"Q3182649",1
"Q3184641",1
"Q31862308",1
"Q318668",1
"Q3187075",1
"Q3187136",1
"Q318806",1
"Q31945",1
"Q319616",1
"Q319622",2
"Q3200280",1
"Q320173",1
"Q3202662",1
"Q32043",1
"Q3205956",1
"Q32061",1
"Q32098",4
"Q321090",1
"Q3215756",1
"Q3217333",1
"Q3222002",12
"Q3224188",1
"Q322503",1
"Q322787",1
"Q3228623",1
"Q3232712",1
"Q32361",5
"Q3236487",1
"Q3237081",2
"Q3237993",8
"Q323996",1
"Q3240892",1
"Q3243039",1
"Q3243311",3
"Q3245113",1
"Q3246250",1
"Q32483",1
"Q3251291",2
"Q3252726",1
"Q3259864",1
"Q326015",1
"Q326139",3
"Q326237",1
"Q326301",1
"Q3265221",2
"Q326653",8
"Q3267056",3
"Q3268533",1
"Q3269441",5
"Q3269477",1
"Q3270773",1
"Q327358",2
"Q327401",2
"Q3274449",1
"Q3274496",1
"Q3278145",5
"Q3278318",2
"Q327988",2
"Q3280971",2
"Q328272",1
"Q328554",1
"Q32855616",1
"Q32855623",1
"Q32855633",1
"Q32855646",1
"Q32855832",3
"Q3287189",1
"Q328798",1
"Q3289782",1
"Q32907",1
"Q32907316",1
"Q32914898",3
"Q329273",1
"Q3293439",1
"Q32937968",1
"Q32945370",1
"Q329637",1
"Q329679",1
"Q32990",1
"Q329912",1
"Q3299158",3
"Q3299309",1
"Q3303640",1
"Q33063528",2
"Q330679",1
"Q3308979",1
"Q3310017",1
"Q33111788",1
"Q33127629",2
"Q3315209",1
"Q3315212",1
"Q3315260",1
"Q3315298",1
"Q3315390",1
"Q3318236",1
"Q3320548",6
"Q3320963",3
"Q332209",1
"Q3323691",1
"Q332491",1
"Q3326349",4
"Q332828",1
"Q3328738",1
"Q3328772",1
"Q332985",1
"Q333018",1
"Q3330467",4
"Q333049",2
"Q3331086",2
"Q3331334",1
"Q3331341",1
"Q333156",18
"Q3332307",1
"Q333247",1
"Q3333313",3
"Q333373",1
"Q333464",1
"Q33367397",1
"Q334109",1
"Q33431",1
"Q334415",1
"Q33442",1
"Q3344470",1
"Q33456",1
"Q33459",1
"Q3346517",1
"Q33487",4
"Q3348933",3
"Q3349057",1
"Q3350196",1
"Q33505337",1
"Q335283",1
"Q335320",1
"Q3354606",1
"Q3355529",1
"Q335778",1
"Q3359017",1
"Q3360529",2
"Q3361747",2
"Q3361967",1
"Q3362221",1
"Q3364894",1
"Q3367106",3
"Q336764",1
"Q3368336",6
"Q3369955",1
"Q3373589",1
"Q3374321",1
"Q3374341",2
"Q3376236",1
"Q337998",1
"Q3384",2
"Q3386209",1
"Q3389547",2
"Q339180",54
"Q3392949",1
"Q339332",1
"Q3393872",1
"Q3394486",1
"Q33950",1
"Q3395465",1
"Q3395645",1
"Q339717",5
"Q33972",1
"Q3399064",1
"Q3399648",2
"Q3399808",1
"Q34010",1
"Q340179",3
"Q3404405",1
"Q3405889",1
"Q3406567",1
"Q3406858",1
"Q340695",1
"Q3408668",4
"Q3408901",1
"Q3409113",3
"Q3409269",1
"Q3410070",1
"Q341134",1
"Q3411896",1
"Q341323",2
"Q3415289",1
"Q34170",1
"Q34178",13
"Q3418492",12
"Q3420050",1
"Q34213438",1
"Q3424651",2
"Q3424782",1
"Q34266",1
"Q3427340",2
"Q3428249",1
"Q3429340",3
"Q3434769",1
"Q343482",1
"Q3435731",2
"Q34362",3
"Q3437802",1
"Q3443277",2
"Q3446915",1
"Q3449457",1
"Q345",1
"Q3450",6
"Q3450611",1
"Q345179",1
"Q3454293",1
"Q3454555",3
"Q3457053",1
"Q3457772",1
"Q3458125",1
"Q34604447",2
"Q3467747",2
"Q34678",1
"Q34687",10
"Q3470206",1
"Q3473544",1
"Q34740",6
"Q3475759",1
"Q3477288",4
"Q3477319",3
"Q3477367",1
"Q3480432",1
"Q34812",2
"Q3482346",1
"Q3482590",1
"Q3486441",1
"Q3488818",1
"Q348884",1
"Q349047",2
"Q3492548",1
"Q349479",4
"Q349566",1
"Q349770",2
"Q3498041",1
"Q349856",1
"Q34990",1
"Q35006",2
"Q3501307",1
"Q350151",1
"Q3502098",2
"Q350286",1
"Q35032",5
"Q3504637",2
"Q35047",2
"Q3504901",1
"Q3507630",1
"Q3508456",1
"Q3508586",1
"Q3508737",1
"Q3508794",2
"Q3510427",3
"Q3510770",2
"Q3510806",1
"Q35120",134
"Q3512027",1
"Q3513591",1
"Q351363",4
"Q35145743",12
"Q35148",1
"Q3516029",1
"Q3516239",1
"Q351682",1
"Q3517745",1
"Q3518405",1
"Q3518511",1
"Q3519050",2
"Q35203813",1
"Q3520855",3
"Q352126",1
"Q35230",2
"Q35230755",2
"Q3523879",1
"Q3523908",1
"Q352618",6
"Q3527176",1
"Q35277",1
"Q3529604",1
"Q3532236",1
"Q35323",1
"Q353284",1
"Q353396",1
"Q3534121",1
"Q353673",1
"Q3537705",3
"Q3537778",1
"Q3538767",1
"Q3539484",1
"Q35395",2
"Q3540209",1
"Q354025",3
"Q3540864",1
"Q35409",2
"Q354308",3
"Q354341",1
"Q3545649",1
"Q354757",1
"Q3550369",1
"Q3550815",1
"Q3550897",5
"Q355242",1
"Q3552503",1
"Q355437",1
"Q3556547",1
"Q3556888",2
"Q35577",2
"Q3558198",1
"Q3558349",2
"Q355981",1
"Q35601",1
"Q3561179",1
"Q3561314",1
"Q356405",1
"Q3564636",1
"Q3565078",4
"Q356648",1
"Q357003",6
"Q3574028",1
"Q35743141",1
"Q3574479",1
"Q357789",1
"Q3577992",1
"Q35782",1
"Q3579515",1
"Q358404",1
"Q35865",2
"Q358652",1
"Q3587541",1
"Q3587823",1
"Q3589422",1
"Q3589753",1
"Q359019",1
"Q3591590",1
"Q35922",1
"Q3592613",2
"Q3595200",1
"Q36024",1
"Q36050",2
"Q360963",1
"Q36097",1
"Q361",2
"Q3610532",1
"Q3612401",1
"Q362",2
"Q362165",2
"Q362200",6
"Q3622008",1
"Q3624110",1
"Q3625100",1
"Q362703",1
"Q3627852",3
"Q3631576",2
"Q363404",1
"Q3635472",1
"Q363802",2
"Q3638153",1
"Q363902",1
"Q363948",2
"Q36396",2
"Q364056",1
"Q3646210",1
"Q36532",1
"Q3656924",1
"Q36602",8
"Q3661287",1
"Q36636476",1
"Q3663706",1
"Q36652",1
"Q366732",1
"Q367",1
"Q36732",2
"Q3677901",2
"Q3679131",1
"Q3683504",1
"Q368370",6
"Q368779",3
"Q368972",2
"Q369",1
"Q3691017",4
"Q3694119",1
"Q369594",1
"Q370",2
"Q370000",1
"Q3700500",1
"Q37011795",1
"Q370219",1
"Q3702793",1
"Q3705921",1
"Q3706138",3
"Q3706530",1
"Q37068",15
"Q370689",1
"Q370712",1
"Q370735",1
"Q3707847",1
"Q3707858",14
"Q37081",1
"Q37083",1
"Q3709266",2
"Q37122",1
"Q37137",4
"Q37152",2
"Q37153",1
"Q371576",1
"Q3718040",1
"Q372001",3
"Q37212",1
"Q372409",2
"Q3724174",1
"Q372765",1
"Q372948",1
"Q373069",2
"Q373184",1
"Q3732574",7
"Q3738699",1
"Q3738943",1
"Q3739391",1
"Q37394431",2
"Q37394835",2
"Q374221",1
"Q374259",5
"Q3742621",2
"Q37437",4
"Q3750449",1
"Q37517",8
"Q3751709",2
"Q3752810",1
"Q3754509",3
"Q375471",1
"Q3757197",1
"Q3757636",1
"Q376022",1
"Q376431",1
"Q3769366",1
"Q3771629",1
"Q377164",2
"Q3771881",3
"Q3772698",1
"Q3776487",2
"Q37766",2
"Q3780875",2
"Q378097",1
"Q378604",3
"Q378605",17
"Q378701",1
"Q378846",1
"Q37887893",2
"Q37903208",1
"Q3791962",1
"Q37937",1
"Q379519",1
"Q379636",1
"Q379693",3
"Q379755",1
"Q379833",1
"Q379859",3
"Q38000290",1
"Q380170",1
"Q380279",1
"Q380313",2
"Q380351",1
"Q380356",1
"Q380410",2
"Q380640",1
"Q38066",1
"Q380709",1
"Q38075442",1
"Q3807565",1
"Q380775",1
"Q380866",2
"Q380962",3
"Q38115",1
"Q381160",3
"Q381196",1
"Q381223",1
"Q3813191",1
"Q38134095",1
"Q381350",1
"Q3813894",1
"Q3818181",1
"Q3819571",2
"Q382037",2
"Q3826910",1
"Q382735",1
"Q382897",1
"Q382995",4
"Q383028",1
"Q3831140",1
"Q3831227",1
"Q3833021",1
"Q383898",1
"Q384011",1
"Q384014",2
"Q384121",1
"Q3843223",2
"Q384764",51
"Q385334",1
"Q385390",1
"Q3854292",2
"Q3854871",1
"Q385967",1
"Q3859830",2
"Q386025",3
"Q386272",1
"Q386302",1
"Q386535",1
"Q3867181",2
"Q386853",1
"Q386952",1
"Q3872",1
"Q3873059",1
"Q387946",3
"Q388201",6
"Q388338",10
"Q3885144",3
"Q3885704",2
"Q38903",2
"Q3891712",1
"Q3895823",1
"Q389647",1
"Q38978",1
"Q389915",2
"Q389934",5
"Q389981",1
"Q390001",6
"Q3905962",1
"Q390823",1
"Q3908516",6
"Q3913028",2
"Q391342",3
"Q3915822",1
"Q39162",2
"Q39167",1
"Q3917160",1
"Q391728",1
"Q3921039",3
"Q3921059",7
"Q39220",2
"Q3922284",1
"Q3922333",3
"Q39231",1
"Q39234269",3
"Q3924795",2
"Q3925270",1
"Q392651",1
"Q39275",1
"Q3928341",1
"Q39398",1
"Q394",4
"Q3940382",1
"Q3941237",1
"Q394129",2
"Q39427",1
"Q3950366",1
"Q39546630",1
"Q3955006",1
"Q39552",11
"Q3961291",1
"Q39645",1
"Q39659371",3
"Q3966173",1
"Q39689",1
"Q397239",3
"Q397334",1
"Q397350",1
"Q3974187",1
"Q397926",1
"Q3985230",1
"Q398999",4
"Q3997512",1
"Q399771",1
"Q3997800",1
"Q3999",1
"Q3999864",1
"Q4001392",2
"Q4008403",3
"Q40171",1
"Q4024156",1
"Q402516",1
"Q4026292",36
"Q4027534",1
"Q40415",2
"Q4049983",2
"Q4053965",1
"Q40555",1
"Q4055684",1
"Q4060665",1
"Q40612",1
"Q40624",1
"Q4068392",1
"Q4069241",3
"Q4069946",1
"Q4070886",1
"Q407125",3
"Q407232",1
"Q4072810",1
"Q407666",1
"Q40776",1
"Q407867",1
"Q407879",1
"Q407931",3
"Q407939",1
"Q40795",1
"Q40821",22
"Q4082756",2
"Q408464",1
"Q409035",1
"Q409054",1
"Q409221",2
"Q4093065",1
"Q409319",1
"Q40998",4
"Q410083",1
"Q410174",1
"Q410193",1
"Q410529",1
"Q410749",1
"Q41075",6
"Q411014",1
"Q411030",1
"Q411214",1
"Q411221",1
"Q4112660",2
"Q411309",2
"Q4113827",4
"Q411489",1
"Q4115013",7
"Q4115030",4
"Q4115189",2
"Q4116466",1
"Q41171",12
"Q411752",1
"Q4117845",1
"Q4118322",1
"Q41184",1
"Q4118589",3
"Q4120602",1
"Q412597",1
"Q412784",1
"Q412798",1
"Q4129802",2
"Q4131496",1
"Q4132760",1
"Q413374",1
"Q4134457",2
"Q41354",4
"Q413559",1
"Q413828",1
"Q41399",2
"Q4140089",3
"Q4144428",1
"Q414528",3
"Q414637",1
"Q414685",1
"Q4146853",2
"Q414706",2
"Q414909",1
"Q41493",1
"Q4150646",34
"Q4156910",2
"Q4157632",1
"Q41583",33
"Q4159606",1
"Q416416",1
"Q416718",1
"Q41726",3
"Q4173974",4
"Q4179400",1
"Q418024",1
"Q418042",1
"Q4183828",3
"Q4191403",2
"Q419170",1
"Q41923",1
"Q419453",1
"Q419529",2
"Q41958",3
"Q41975",5
"Q419804",1
"Q4198677",19
"Q4203429",1
"Q420433",2
"Q420477",1
"Q4204771",1
"Q420675",1
"Q4209498",2
"Q421071",1
"Q4212557",1
"Q421340",1
"Q42138",5
"Q421721",1
"Q421781",1
"Q421787",1
"Q4219511",1
"Q4223026",14
"Q4223446",2
"Q422404",2
"Q42250",3
"Q422584",1
"Q42278",5
"Q422933",1
"Q4230058",2
"Q423026",81
"Q4231242",1
"Q423145",1
"Q4231804",3
"Q42339",1
"Q42385",1
"Q42388",1
"Q423927",3
"Q4240324",2
"Q4240334",3
"Q4241146",1
"Q42478",1
"Q42515",6
"Q425350",1
"Q425427",2
"Q425707",1
"Q4257161",2
"Q425967",1
"Q426354",1
"Q426449",1
"Q4264938",1
"Q426745",2
"Q427257",1
"Q4273135",1
"Q427492",2
"Q428",1
"Q428124",6
"Q4281830",1
"Q42857",4
"Q428611",1
"Q428632",5
"Q42865",2
"Q4286819",3
"Q4286938",1
"Q4286948",3
"Q428818",26
"Q42884",2
"Q428973",1
"Q4291358",1
"Q4293186",1
"Q42934",1
"Q42979",5
"Q429811",1
"Q430",5
"Q430400",3
"Q431",20
"Q4311738",2
"Q431230",2
"Q431604",2
"Q4316503",1
"Q4317274",2
"Q43238",1
"Q432392",2
"Q4323994",3
"Q432778",2
"Q43338",1
"Q4335870",1
"Q4336014",1
"Q4336016",1
"Q434",3
"Q43455",3
"Q43471",4
"Q4350036",1
"Q43504",1
"Q43518",2
"Q4352447",1
"Q4359253",4
"Q436016",1
"Q43619",2
"Q43627",5
"Q43637",2
"Q4364435",1
"Q4366062",6
"Q4370258",1
"Q437512",2
"Q4376586",1
"Q4376588",1
"Q4376721",1
"Q43806",1
"Q4381136",2
"Q438358",1
"Q43845",26
"Q4388753",1
"Q4389047",1
"Q4389320",2
"Q438994",1
"Q439007",1
"Q4390239",20
"Q4393174",1
"Q4402708",2
"Q44044",1
"Q4406838",1
"Q4419155",2
"Q4420146",6
"Q4426604",1
"Q442709",2
"Q4428744",1
"Q4429470",1
"Q44299",1
"Q4430235",1
"Q44311",1
"Q44316",3
"Q44325",1
"Q4438531",2
"Q443916",2
"Q4443016",1
"Q4445376",1
"Q444600",1
"Q4447845",1
"Q4451540",1
"Q44554",2
"Q4456825",1
"Q4456874",1
"Q4458114",1
"Q44591",1
"Q4459608",1
"Q4460810",1
"Q44619",4
"Q4462275",1
"Q446822",1
"Q446966",4
"Q44703",1
"Q447131",2
"Q4476407",2
"Q4477749",1
"Q4479242",2
"Q4479463",1
"Q4484829",1
"Q4488810",1
"Q448936",2
"Q4491007",1
"Q4491919",1
"Q4498085",20
"Q4499108",1
"Q4501450",1
"Q4503801",2
"Q4503831",3
"Q4504549",17
"Q4518466",2
"Q45199",36
"Q4520631",1
"Q452816",1
"Q4529490",1
"Q4529664",2
"Q4530482",2
"Q4536460",1
"Q453745",3
"Q455550",2
"Q455573",1
"Q45559",1
"Q4571771",1
"Q4576564",1
"Q458651",1
"Q458825",1
"Q4590027",1
"Q459221",2
"Q459381",2
"Q459499",1
"Q4605210",1
"Q460634",1
"Q4610",1
"Q4613441",1
"Q461761",1
"Q4618975",19
"Q4621373",1
"Q462189",1
"Q462437",1
"Q46255",6
"Q4630246",1
"Q463418",1
"Q4634219",1
"Q463573",1
"Q463640",1
"Q464129",1
"Q465088",1
"Q4651898",1
"Q465774",2
"Q4657754",1
"Q466506",2
"Q4667170",1
"Q4671286",1
"Q4672500",1
"Q467265",1
"Q467400",39
"Q4674287",1
"Q4676677",1
"Q4676883",1
"Q46805",2
"Q46825",3
"Q468455",1
"Q4684561",1
"Q4684642",3
"Q468495",1
"Q468787",5
"Q46889",7
"Q4692",2
"Q469331",1
"Q4694612",2
"Q4696614",1
"Q4696964",2
"Q4704404",2
"Q470747",3
"Q4713301",1
"Q47140",3
"Q471439",1
"Q471702",2
"Q471846",1
"Q471857",1
"Q472302",2
"Q4733063",1
"Q473420",2
"Q4736316",3
"Q473746",9
"Q474187",1
"Q4742966",1
"Q474325",1
"Q4746440",1
"Q4747302",1
"Q4748888",1
"Q47591",1
"Q47604",1
"Q47607",9
"Q476084",1
"Q4761741",1
"Q47629",1
"Q476388",1
"Q476482",1
"Q4764939",1
"Q47657",5
"Q47680",1
"Q4771249",1
"Q477390",2
"Q4774335",1
"Q4774486",1
"Q4774943",1
"Q4775355",1
"Q47783",4
"Q478634",1
"Q4787140",1
"Q47942",1
"Q4794288",1
"Q4797266",1
"Q480281",1
"Q48103",1
"Q481250",1
"Q4817576",1
"Q4818230",1
"Q4818701",2
"Q48199",3
"Q48235",3
"Q482410",1
"Q482810",1
"Q482853",1
"Q482999",9
"Q48318",1
"Q4832012",3
"Q483213",1
"Q483268",1
"Q483269",5
"Q483271",21
"Q483493",1
"Q483569",8
"Q48362",1
"Q48366",1
"Q483677",7
"Q4838457",1
"Q483889",3
"Q484105",1
"Q48420",1
"Q484275",2
"Q4843694",1
"Q4844560",1
"Q4845080",1
"Q484587",1
"Q484785",1
"Q484924",1
"Q48493",3
"Q4850940",1
"Q485146",2
"Q485150",1
"Q4851873",1
"Q485396",5
"Q485417",6
"Q485537",3
"Q4855428",1
"Q4859057",1
"Q48599",5
"Q4865573",2
"Q486672",1
"Q4867754",1
"Q486802",1
"Q4868296",5
"Q487756",1
"Q48784",1
"Q487914",2
"Q4881776",1
"Q4884092",4
"Q4887411",3
"Q488744",1
"Q489119",3
"Q489339",1
"Q4894842",2
"Q489632",1
"Q489750",1
"Q490059",1
"Q4903305",1
"Q490600",1
"Q4911899",1
"Q4913",2
"Q4923459",1
"Q492591",1
"Q492779",1
"Q4928259",1
"Q492886",1
"Q4930125",5
"Q493093",1
"Q49330",1
"Q49367",2
"Q4941792",1
"Q494361",1
"Q4944572",1
"Q4956562",1
"Q4958898",1
"Q4959811",1
"Q4960401",1
"Q496188",1
"Q4967819",3
"Q497",1
"Q497166",1
"Q497226",1
"Q497263",1
"Q49780",2
"Q4979192",1
"Q49830",3
"Q49845",2
"Q498508",1
"Q498902",3
"Q49906",1
"Q49908",1
"Q499327",1
"Q499650",1
"Q4997551",1
"Q50001",2
"Q5001829",1
"Q5001927",1
"Q5001944",1
"Q500900",1
"Q501128",1
"Q5013524",1
"Q501405",3
"Q501571",1
"Q502102",1
"Q502672",1
"Q5027727",1
"Q5030138",1
"Q5034494",3
"Q5036514",1
"Q503998",1
"Q5045777",1
"Q504825",2
"Q5051090",1
"Q505619",1
"Q505680",5
"Q505748",3
"Q505774",1
"Q5058559",1
"Q505892",3
"Q506023",1
"Q506074",1
"Q5062052",1
"Q5062121",1
"Q50638",3
"Q50641",5
"Q5064113",2
"Q506524",1
"Q506667",1
"Q506710",1
"Q50675",8
"Q5070586",3
"Q50708",1
"Q5070802",4
"Q507187",2
"Q507437",2
"Q508475",1
"Q5088346",1
"Q5093337",1
"Q5096918",1
"Q5097506",1
"Q5100949",1
"Q510666",1
"Q5110488",1
"Q5113",29
"Q5116250",1
"Q511733",1
"Q5120022",1
"Q512272",2
"Q5124663",1
"Q5130059",2
"Q5133502",2
"Q5133621",1
"Q51338",1
"Q513532",1
"Q5136675",1
"Q51368",1
"Q5138208",1
"Q5138396",1
"Q51389",1
"Q513896",1
"Q514",14
"Q5141248",1
"Q514243",1
"Q5146580",1
"Q515001",2
"Q5152886",1
"Q5155040",1
"Q5156834",2
"Q5157524",1
"Q515895",1
"Q5160447",3
"Q516266",2
"Q51628",1
"Q5165448",1
"Q5165701",1
"Q5165885",1
"Q5166414",1
"Q5169816",1
"Q517183",1
"Q5171848",2
"Q517656",1
"Q5178970",1
"Q517966",2
"Q5183590",1
"Q5185",1
"Q5185343",1
"Q5188477",3
"Q5190030",1
"Q5190563",1
"Q5191403",1
"Q5194627",1
"Q5196708",6
"Q5198264",1
"Q519967",1
"Q520032",1
"Q5207064",1
"Q521",6
"Q52120",1
"Q521263",1
"Q5213042",3
"Q52139",2
"Q521461",1
"Q522244",2
"Q522344",2
"Q5227240",1
"Q523496",1
"Q524004",1
"Q52406",1
"Q524738",1
"Q524778",15
"Q5248739",1
"Q5249245",1
"Q525073",1
"Q525075",5
"Q525397",1
"Q5254073",7
"Q525443",1
"Q5255155",2
"Q525800",1
"Q5259487",1
"Q5260448",1
"Q5260632",2
"Q5265050",1
"Q5265455",1
"Q5266741",1
"Q5266825",1
"Q527",2
"Q527205",2
"Q5282127",1
"Q5282129",1
"Q5282289",1
"Q5283295",2
"Q5283901",1
"Q5284418",1
"Q5284423",6
"Q5287468",1
"Q5289085",1
"Q5290017",1
"Q529458",1
"Q529637",1
"Q529752",1
"Q5301",1
"Q5308718",1
"Q5310255",1
"Q5312535",2
"Q531953",1
"Q53268",1
"Q532736",1
"Q5329",1
"Q534008",2
"Q5340942",1
"Q5341296",1
"Q534131",1
"Q534159",1
"Q53473",1
"Q5348941",1
"Q5352191",14
"Q535352",1
"Q5354752",1
"Q5357710",2
"Q5357725",2
"Q5358364",2
"Q536129",1
"Q5366010",1
"Q53663",1
"Q5368985",1
"Q5376567",1
"Q5377027",1
"Q5380863",1
"Q53815",2
"Q5381546",1
"Q538175",1
"Q5382723",4
"Q5382727",5
"Q53829",1
"Q5383696",1
"Q5384031",4
"Q53860",7
"Q538733",2
"Q539051",6
"Q539558",1
"Q5401282",1
"Q5404241",1
"Q540502",1
"Q5410500",3
"Q541421",1
"Q5418842",5
"Q541923",2
"Q5421253",1
"Q5421695",1
"Q5422284",1
"Q5422636",7
"Q542768",1
"Q5428578",1
"Q542869",1
"Q54300",32
"Q54365",5
"Q5437315",1
"Q5442487",1
"Q544394",3
"Q5445898",3
"Q5445966",2
"Q544736",4
"Q5448091",1
"Q5450355",1
"Q5451561",1
"Q5451695",11
"Q5451875",1
"Q545861",1
"Q5458967",1
"Q5459030",1
"Q5461824",3
"Q546191",2
"Q546729",2
"Q5468420",1
"Q5469877",1
"Q547376",1
"Q547546",1
"Q547605",1
"Q5477533",1
"Q548478",2
"Q548662",3
"Q548937",3
"Q549635",1
"Q5500272",4
"Q550068",1
"Q5501921",1
"Q5503624",5
"Q550596",2
"Q550774",1
"Q550874",1
"Q5509032",5
"Q5509053",1
"Q5511145",1
"Q5513248",1
"Q5514487",2
"Q5526795",1
"Q552682",2
"Q5527848",1
"Q552994",1
"Q553079",2
"Q5532632",1
"Q5535074",1
"Q5535197",1
"Q554130",1
"Q55505",2
"Q5551283",3
"Q5551960",1
"Q5556804",1
"Q556046",1
"Q55638",4
"Q5573176",1
"Q5573804",1
"Q557573",1
"Q557705",1
"Q5577642",6
"Q557945",1
"Q558066",2
"Q55813",4
"Q5581316",1
"Q558325",1
"Q5583669",6
"Q558623",1
"Q5589429",2
"Q5597487",1
"Q5598270",1
"Q55989",4
"Q55995",1
"Q5601938",2
"Q5602027",3
"Q561457",1
"Q5615097",1
"Q5616658",4
"Q5616927",1
"Q5621231",3
"Q562125",1
"Q5623668",1
"Q5624219",1
"Q5625698",1
"Q5626749",2
"Q5629568",1
"Q5629930",1
"Q563500",1
"Q5637701",1
"Q56409",2
"Q5643463",1
"Q5643676",1
"Q5644360",4
"Q56511",1
"Q565165",3
"Q565276",1
"Q565430",1
"Q5656403",1
"Q565858",1
"Q5659833",1
"Q5666193",3
"Q566689",1
"Q567497",1
"Q567560",1
"Q567709",1
"Q568225",1
"Q568301",1
"Q568312",3
"Q5684712",1
"Q56848",1
"Q568836",2
"Q56911",2
"Q56932",1
"Q5695233",1
"Q5701625",1
"Q570309",1
"Q5704274",3
"Q570602",1
"Q570755",1
"Q571462",1
"Q5717300",1
"Q572079",1
"Q5727902",1
"Q572901",2
"Q572959",1
"Q573442",1
"Q5737805",1
"Q5742644",10
"Q574376",1
"Q574552",1
"Q574613",1
"Q574807",3
"Q574827",1
"Q574942",1
"Q5760022",1
"Q576052",1
"Q576434",4
"Q576541",1
"Q576621",1
"Q577994",3
"Q578033",1
"Q5780518",1
"Q579600",1
"Q580424",1
"Q5808357",1
"Q581817",3
"Q581861",1
"Q582484",1
"Q582779",2
"Q5830969",1
"Q58339",13
"Q5838879",1
"Q584157",1
"Q584764",1
"Q585872",3
"Q586034",3
"Q586277",2
"Q586598",2
"Q58697",1
"Q5870069",1
"Q58702",4
"Q5875625",1
"Q587972",3
"Q5880",3
"Q5881610",5
"Q58878",1
"Q58929",1
"Q590324",1
"Q590643",1
"Q590952",1
"Q59115",1
"Q59123",1
"Q5913742",1
"Q5914418",1
"Q5914710",1
"Q5916199",2
"Q591903",1
"Q592230",1
"Q5924723",1
"Q592996",1
"Q5932254",4
"Q593676",2
"Q5937752",1
"Q594150",1
"Q594444",1
"Q594819",1
"Q59576",1
"Q5959131",1
"Q5959600",1
"Q5961220",1
"Q596529",1
"Q596899",1
"Q597075",1
"Q597080",2
"Q59714",1
"Q5972833",1
"Q597315",1
"Q597365",1
"Q598168",1
"Q598404",1
"Q599024",2
"Q59950",4
"Q599881",1
"Q599999",1
"Q600134",5
"Q600230",1
"Q6005469",1
"Q6008822",1
"Q6020321",1
"Q602202",1
"Q6022906",1
"Q6027936",1
"Q604188",1
"Q6042366",4
"Q60442",4
"Q6044482",1
"Q6048309",1
"Q604907",3
"Q6052157",1
"Q6055843",1
"Q605709",4
"Q6057394",7
"Q6060450",1
"Q6060498",1
"Q606114",1
"Q606396",4
"Q6064255",6
"Q606624",1
"Q606777",1
"Q607286",1
"Q608276",3
"Q6082772",1
"Q6084353",1
"Q6084703",1
"Q6085096",1
"Q6092878",1
"Q60960",1
"Q609843",2
"Q61070",1
"Q610757",2
"Q611030",1
"Q611075",1
"Q611192",14
"Q611617",2
"Q612097",1
"Q6122670",1
"Q612345",1
"Q6129871",1
"Q613048",1
"Q6131076",1
"Q613366",2
"Q6137622",1
"Q613875",1
"Q6140089",2
"Q614304",2
"Q614394",1
"Q614661",3
"Q615072",1
"Q615235",1
"Q615363",4
"Q6153637",1
"Q6156112",2
"Q615865",1
"Q616526",1
"Q6168370",1
"Q617079",4
"Q617295",1
"Q6174678",1
"Q6174684",1
"Q6175815",32
"Q6183251",1
"Q6186",7
"Q618660",2
"Q618678",2
"Q6190581",107
"Q61951",2
"Q619671",1
"Q61982",3
"Q619851",1
"Q620072",2
"Q6206",1
"Q620861",1
"Q621596",1
"Q6216",12
"Q621613",3
"Q621636",7
"Q622527",4
"Q622601",4
"Q622813",1
"Q622959",6
"Q623289",5
"Q623306",1
"Q6235",60
"Q623904",1
"Q623928",2
"Q624380",1
"Q624497",2
"Q624717",1
"Q624758",1
"Q624780",1
"Q624824",1
"Q6249834",62
"Q625114",3
"Q625145",2
"Q625352",1
"Q625713",1
"Q626268",1
"Q626503",1
"Q626814",2
"Q627093",1
"Q6280458",3
"Q628286",1
"Q628779",3
"Q628801",1
"Q6288622",3
"Q628967",7
"Q629029",1
"Q629266",3
"Q629291",1
"Q629399",2
"Q629579",1
"Q630961",1
"Q631046",2
"Q6313365",6
"Q632194",1
"Q632300",1
"Q632897",2
"Q632959",4
"Q633570",1
"Q633620",1
"Q633848",1
"Q635195",1
"Q635309",1
"Q635339",1
"Q635374",1
"Q636027",6
"Q636056",2
"Q636169",1
"Q6362618",5
"Q636427",1
"Q636806",1
"Q637399",1
"Q637549",1
"Q6377551",1
"Q637816",126
"Q6379846",3
"Q638202",1
"Q638210",2
"Q6386271",3
"Q638949",1
"Q639335",4
"Q639432",2
"Q639746",7
"Q6397499",1
"Q640047",1
"Q6401215",1
"Q6401917",1
"Q640285",1
"Q640477",1
"Q6404879",1
"Q640677",1
"Q641118",1
"Q641628",4
"Q641973",1
"Q6423024",1
"Q642379",3
"Q642404",2
"Q642836",2
"Q6433358",1
"Q64365",3
"Q643669",1
"Q6438054",1
"Q64403",2
"Q644099",2
"Q6446183",1
"Q6450957",1
"Q6451128",1
"Q6451898",1
"Q645968",1
"Q646102",2
"Q646104",1
"Q646407",1
"Q646664",5
"Q6469132",1
"Q647578",2
"Q6478447",2
"Q6480870",1
"Q648352",1
"Q6484055",1
"Q6486784",1
"Q648864",22
"Q648976",2
"Q648982",1
"Q6492476",1
"Q649276",3
"Q6497253",4
"Q649848",2
"Q6498529",18
"Q6498784",7
"Q6498826",11
"Q6499736",38
"Q6500754",2
"Q6501106",1
"Q6501319",2
"Q6501380",1
"Q650169",1
"Q6501890",4
"Q650250",1
"Q6503449",1
"Q650798",1
"Q651267",4
"Q6520159",2
"Q652116",5
"Q652928",9
"Q652962",5
"Q653038",7
"Q6534949",1
"Q6540634",1
"Q654182",1
"Q654253",1
"Q6543234",3
"Q6543810",1
"Q654426",1
"Q654437",1
"Q6544379",3
"Q654493",7
"Q6545590",2
"Q6545938",1
"Q6546242",1
"Q654822",1
"Q655396",4
"Q6553990",3
"Q656365",6
"Q656619",1
"Q656784",1
"Q656950",1
"Q657433",1
"Q6581478",1
"Q658353",1
"Q6587194",1
"Q6587910",1
"Q658883",1
"Q6589360",1
"Q658951",1
"Q659207",1
"Q6593390",1
"Q6597183",4
"Q659925",3
"Q660818",1
"Q661343",1
"Q661908",1
"Q663208",1
"Q6637849",1
"Q6647660",14
"Q6653375",1
"Q665565",1
"Q6656244",3
"Q6661",8
"Q6662228",1
"Q666258",1
"Q6664316",1
"Q6665704",1
"Q6668879",1
"Q6671104",1
"Q6674",1
"Q667681",1
"Q6679359",2
"Q669057",4
"Q6699890",5
"Q670265",1
"Q670350",1
"Q670985",1
"Q6710575",1
"Q6714321",1
"Q6714330",1
"Q671832",2
"Q671974",1
"Q6721203",1
"Q6723260",1
"Q6723711",1
"Q6725119",1
"Q672593",2
"Q672788",1
"Q6728",1
"Q672821",1
"Q672992",2
"Q673038",1
"Q6730528",3
"Q6735109",1
"Q6736",1
"Q6738072",1
"Q6741340",1
"Q674426",3
"Q6746692",1
"Q6746900",1
"Q674953",1
"Q6749571",5
"Q675059",1
"Q6752335",1
"Q6759035",1
"Q676024",1
"Q676108",1
"Q676152",1
"Q676414",1
"Q6765918",7
"Q6771326",1
"Q678003",1
"Q6785179",1
"Q678883",1
"Q679125",1
"Q680004",1
"Q6800958",3
"Q6805071",4
"Q6806456",1
"Q680928",2
"Q6815404",6
"Q6817451",2
"Q682153",1
"Q682355",2
"Q682483",1
"Q682496",1
"Q6826048",1
"Q682986",1
"Q683524",1
"Q683732",1
"Q684017",1
"Q684045",1
"Q6849688",1
"Q685433",16
"Q685629",1
"Q6865150",1
"Q6865459",1
"Q6866094",1
"Q6867355",1
"Q687031",3
"Q6875293",2
"Q6875906",2
"Q6881782",1
"Q688498",7
"Q689044",2
"Q689095",3
"Q68947",5
"Q6895579",1
"Q690117",1
"Q690189",1
"Q6902965",1
"Q690768",2
"Q6909285",1
"Q691823",2
"Q6918351",3
"Q692077",8
"Q692218",3
"Q692312",1
"Q693004",5
"Q693148",1
"Q6933946",1
"Q6935057",1
"Q694118",11
"Q694131",5
"Q694268",1
"Q694460",1
"Q6947508",1
"Q694769",3
"Q694878",1
"Q69488",1
"Q695595",1
"Q695816",1
"Q6959108",1
"Q695947",1
"Q6961869",1
"Q696918",2
"Q697225",1
"Q697327",2
"Q6975027",1
"Q697641",1
"Q69798",1
"Q698",14
"Q6980081",1
"Q698105",12
"Q6982000",1
"Q6983410",1
"Q6983813",2
"Q698752",2
"Q6989196",1
"Q699364",2
"Q6994501",1
"Q699462",1
"Q6996973",3
"Q699742",1
"Q699872",1
"Q700110",1
"Q7002196",1
"Q7003418",4
"Q700703",1
"Q701013",2
"Q70125",2
"Q7013029",1
"Q701656",1
"Q7018785",1
"Q70196",1
"Q7020",19
"Q703413",8
"Q7040353",1
"Q7041077",1
"Q7042855",1
"Q7047745",1
"Q705135",8
"Q705153",1
"Q705178",1
"Q7054360",1
"Q7056905",1
"Q7060362",2
"Q7060553",1
"Q706321",1
"Q7066",1
"Q706825",1
"Q706848",1
"Q707125",2
"Q707443",2
"Q7075538",2
"Q7077160",1
"Q707837",1
"Q707896",1
"Q7079463",1
"Q7081",1
"Q7094",4
"Q7094100",1
"Q7100542",2
"Q7100755",4
"Q710371",1
"Q7107434",3
"Q7108",2
"Q7112867",1
"Q7113617",1
"Q7113759",2
"Q712212",1
"Q712604",2
"Q7126359",1
"Q7126717",1
"Q7126913",1
"Q712819",1
"Q712838",2
"Q712974",1
"Q7130063",1
"Q7132721",1
"Q713493",3
"Q7134956",1
"Q7140445",1
"Q7141267",1
"Q7141967",1
"Q71516",1
"Q715160",1
"Q7155",2
"Q715883",1
"Q7159213",1
"Q7161799",2
"Q7163212",1
"Q716341",1
"Q716566",2
"Q7167",1
"Q7167855",1
"Q7168",1
"Q7169",8
"Q717293",3
"Q7184037",2
"Q718608",1
"Q718714",1
"Q718753",1
"Q7187894",1
"Q7187959",1
"Q7189589",1
"Q7189622",1
"Q719512",1
"Q7199563",2
"Q7202",1
"Q720272",1
"Q7203278",1
"Q7203310",2
"Q7204920",4
"Q7205",4
"Q720634",1
"Q7208",9
"Q720835",1
"Q7212007",1
"Q7217946",1
"Q7218",1
"Q7221363",1
"Q7225120",2
"Q7225197",1
"Q7226618",1
"Q7231105",1
"Q7233277",1
"Q723418",3
"Q7234230",5
"Q723906",1
"Q7239398",1
"Q7239684",1
"Q7242",1
"Q7242372",1
"Q724409",1
"Q7245071",1
"Q724532",1
"Q7246152",1
"Q7246302",1
"Q724714",2
"Q7247324",1
"Q7248116",1
"Q7251589",1
"Q725238",1
"Q725417",1
"Q7255052",6
"Q7259536",1
"Q726297",2
"Q7264",3
"Q72711",1
"Q7272",20
"Q7279987",1
"Q728001",7
"Q7280485",1
"Q728206",2
"Q728247",1
"Q728651",2
"Q728697",1
"Q7295720",2
"Q7295723",1
"Q73",1
"Q7303176",1
"Q7307705",1
"Q7308175",1
"Q7309432",1
"Q7309642",1
"Q731236",1
"Q7314199",1
"Q7316604",1
"Q731744",1
"Q731988",68
"Q732398",1
"Q7325",13
"Q7334640",1
"Q734103",2
"Q734439",1
"Q735901",1
"Q73599",1
"Q7360182",1
"Q7360654",1
"Q7366715",1
"Q736777",1
"Q7371361",1
"Q737372",1
"Q737471",2
"Q7377",13
"Q7378",5
"Q7379041",1
"Q7386",137
"Q738761",1
"Q7395235",1
"Q739589",11
"Q740574",1
"Q740699",1
"Q7409900",1
"Q741338",1
"Q7413412",1
"Q742333",4
"Q7429850",1
"Q7432",7
"Q743239",1
"Q7433791",1
"Q743390",1
"Q7435308",2
"Q7438606",1
"Q7444193",1
"Q7444868",1
"Q744654",1
"Q7446977",1
"Q744729",1
"Q7447671",1
"Q744778",1
"Q7448106",1
"Q7448137",1
"Q744980",1
"Q745090",1
"Q745243",1
"Q7455063",2
"Q74561",1
"Q745692",1
"Q7458208",1
"Q7458580",1
"Q746984",1
"Q747567",1
"Q7476661",1
"Q747691",1
"Q747810",2
"Q747962",12
"Q748250",2
"Q748376",5
"Q748426",4
"Q7492302",1
"Q749325",2
"Q749400",1
"Q74950",1
"Q749568",2
"Q75",1
"Q7501224",1
"Q750147",1
"Q750195",1
"Q7502090",4
"Q750811",1
"Q751290",1
"Q751892",4
"Q752121",1
"Q752193",2
"Q752297",3
"Q752660",1
"Q752967",3
"Q7535383",1
"Q7535393",3
"Q753623",1
"Q7538578",1
"Q754031",1
"Q7540866",1
"Q754424",1
"Q7546275",6
"Q754655",7
"Q754803",1
"Q7554909",1
"Q7561199",1
"Q7570103",1
"Q757232",2
"Q7573286",1
"Q757370",2
"Q757382",2
"Q757416",1
"Q75762",1
"Q757722",2
"Q7578061",1
"Q7578956",3
"Q7579035",1
"Q75865",1
"Q758907",1
"Q759524",1
"Q759721",1
"Q759815",1
"Q7598359",1
"Q760125",1
"Q760140",1
"Q760256",1
"Q7603225",1
"Q760348",2
"Q76074",2
"Q761414",1
"Q7623560",1
"Q76250",1
"Q762844",2
"Q762856",1
"Q762891",4
"Q7631923",4
"Q763508",1
"Q7635394",4
"Q764912",1
"Q765035",4
"Q7658566",2
"Q7670654",1
"Q767728",1
"Q7681417",1
"Q76843",1
"Q768507",1
"Q768999",5
"Q7691607",1
"Q7692052",1
"Q7697095",1
"Q770480",1
"Q7705750",1
"Q770709",1
"Q773108",3
"Q773441",1
"Q7739",2
"Q773987",1
"Q774583",1
"Q775318",2
"Q775533",3
"Q775807",2
"Q775842",2
"Q77604",3
"Q776115",1
"Q777696",1
"Q7778",4
"Q7778426",1
"Q778612",3
"Q779054",3
"Q779374",1
"Q779458",1
"Q7797974",1
"Q779924",1
"Q780596",1
"Q7809",1
"Q780909",1
"Q7825049",1
"Q782901",1
"Q7831478",1
"Q7834548",1
"Q7837528",1
"Q784167",1
"Q784235",1
"Q7853185",1
"Q785479",2
"Q7855340",2
"Q7857",14
"Q7858456",1
"Q7860",4
"Q7860915",3
"Q7860962",1
"Q786212",2
"Q786357",1
"Q786414",2
"Q786484",2
"Q7867",4
"Q786753",1
"Q786969",1
"Q787180",1
"Q787386",2
"Q787396",1
"Q787497",2
"Q7878536",1
"Q7878662",1
"Q7879841",1
"Q7880352",15
"Q7880554",3
"Q788111",3
"Q7891",1
"Q789447",1
"Q7895",10
"Q7896940",2
"Q7897594",4
"Q789915",1
"Q7900355",2
"Q7900621",4
"Q790740",1
"Q7908033",1
"Q7912786",1
"Q7915780",1
"Q7918690",1
"Q79188",1
"Q7922",10
"Q7922848",1
"Q7927912",2
"Q7931338",1
"Q793482",2
"Q7936581",1
"Q79375",1
"Q794394",1
"Q794582",2
"Q7947270",1
"Q795066",1
"Q7958",4
"Q795848",1
"Q796150",2
"Q796482",1
"Q796496",5
"Q796665",1
"Q796683",1
"Q796712",1
"Q79686",2
"Q7968621",8
"Q7972881",2
"Q7973271",1
"Q797551",1
"Q797819",1
"Q7978253",1
"Q79797",1
"Q79803",1
"Q7981051",1
"Q7981274",1
"Q7984474",1
"Q7984496",1
"Q798522",1
"Q79871",1
"Q798838",1
"Q79897",1
"Q79984",1
"Q80113",4
"Q80115",1
"Q8011724",2
"Q8012311",1
"Q801765",1
"Q8030668",1
"Q8031090",1
"Q8034836",1
"Q8036183",1
"Q804127",1
"Q80428",2
"Q8043",1
"Q804633",2
"Q80585",2
"Q8059853",1
"Q8060",2
"Q806737",1
"Q80680",1
"Q80686",1
"Q80687",4
"Q8072293",1
"Q8085899",3
"Q8091",24
"Q80952",1
"Q8096310",1
"Q809898",1
"Q80993",3
"Q81009",4
"Q81110",1
"Q811102",1
"Q811339",2
"Q811600",4
"Q811705",2
"Q811844",4
"Q811941",1
"Q81197",2
"Q81230",1
"Q812306",2
"Q812563",1
"Q8137",2
"Q813912",17
"Q814002",3
"Q814495",3
"Q814722",2
"Q81513",5
"Q815284",2
"Q8157",1
"Q81571",1
"Q815825",1
"Q815962",5
"Q81602",1
"Q816422",1
"Q816441",1
"Q81659",2
"Q81683",2
"Q816871",3
"Q8170843",1
"Q8185162",4
"Q818674",1
"Q8189417",2
"Q818977",1
"Q819570",1
"Q821102",2
"Q821540",1
"Q8216",1
"Q82264",1
"Q8229",17
"Q823560",1
"Q8250483",3
"Q82562",1
"Q82571",1
"Q825815",1
"Q8265768",1
"Q8269",2
"Q826977",1
"Q8269924",3
"Q827017",25
"Q827023",4
"Q827026",1
"Q827198",1
"Q82723",2
"Q827512",2
"Q827658",3
"Q827688",1
"Q827792",1
"Q82821",7
"Q82866",1
"Q8287285",2
"Q828872",1
"Q829348",2
"Q8294850",1
"Q82955",43
"Q829687",1
"Q829919",1
"Q830036",1
"Q830128",1
"Q830337",1
"Q830373",1
"Q830399",2
"Q83042",4
"Q830654",1
"Q830689",2
"Q830869",1
"Q831226",1
"Q831282",4
"Q831366",1
"Q831390",1
"Q8314",3
"Q831454",4
"Q831677",1
"Q831735",1
"Q831836",1
"Q83207",1
"Q832136",1
"Q83244",1
"Q83303",10
"Q8331",1
"Q83310",2
"Q83328",3
"Q83357",4
"Q83371",1
"Q83372",1
"Q834364",4
"Q834390",11
"Q834400",2
"Q83464",1
"Q834933",1
"Q835023",1
"Q835458",1
"Q83570",3
"Q835713",2
"Q835891",1
"Q836007",1
"Q8361",2
"Q836316",2
"Q836525",1
"Q836661",1
"Q836985",16
"Q837054",6
"Q837185",1
"Q837313",1
"Q837379",1
"Q837675",1
"Q837721",1
"Q838081",1
"Q83809",1
"Q838123",1
"Q838194",1
"Q838312",3
"Q838368",3
"Q838849",1
"Q83913",9
"Q839815",1
"Q840343",2
"Q840522",2
"Q840548",1
"Q840692",1
"Q84072",2
"Q840829",7
"Q841090",2
"Q841163",1
"Q841331",4
"Q841628",2
"Q8421",1
"Q842206",1
"Q842254",1
"Q842311",1
"Q842323",1
"Q8423370",1
"Q842389",2
"Q8424",4
"Q842424",9
"Q842813",2
"Q843227",3
"Q843237",1
"Q843478",1
"Q843610",1
"Q843705",1
"Q843905",2
"Q843926",1
"Q843941",2
"Q844569",7
"Q844613",1
"Q8449254",1
"Q844947",8
"Q845060",3
"Q8452",5
"Q845214",3
"Q845527",1
"Q845913",3
"Q845956",57
"Q846047",1
"Q846498",3
"Q846570",4
"Q846574",2
"Q846636",5
"Q846656",1
"Q846785",5
"Q846849",2
"Q846856",1
"Q846882",7
"Q846929",1
"Q847204",1
"Q847618",1
"Q847887",1
"Q8481",1
"Q8488",1
"Q849032",2
"Q849084",1
"Q849146",1
"Q849359",1
"Q8496",2
"Q849640",1
"Q849953",1
"Q849994",4
"Q850281",1
"Q850412",4
"Q851436",2
"Q851440",1
"Q852166",1
"Q852376",4
"Q852747",1
"Q852859",1
"Q854140",1
"Q854451",1
"Q854842",1
"Q855178",1
"Q855515",1
"Q856292",1
"Q8563791",1
"Q8564039",1
"Q8565349",1
"Q856574",2
"Q856625",2
"Q856887",2
"Q857351",1
"Q857655",1
"Q858049",1
"Q858057",3
"Q858576",6
"Q858640",1
"Q858700",2
"Q859031",4
"Q859363",1
"Q8596543",1
"Q859781",1
"Q860110",1
"Q860451",1
"Q860623",3
"Q861126",2
"Q861302",2
"Q862086",2
"Q862240",1
"Q862600",1
"Q863349",1
"Q863372",1
"Q863729",1
"Q864",1
"Q864032",1
"Q864360",1
"Q864457",1
"Q864825",1
"Q865760",4
"Q866099",1
"Q866298",1
"Q867147",9
"Q867648",1
"Q868179",1
"Q868257",8
"Q86850",2
"Q868965",8
"Q869548",2
"Q870119",1
"Q870452",2
"Q871396",1
"Q873636",4
"Q874803",1
"Q874919",1
"Q875399",2
"Q875686",1
"Q875716",1
"Q8771775",2
"Q8777",1
"Q877848",5
"Q878214",1
"Q8785041",2
"Q878630",1
"Q8789",6
"Q878985",3
"Q879126",1
"Q8795",3
"Q8811",1
"Q8812380",2
"Q882482",1
"Q883199",1
"Q884707",1
"Q88512",1
"Q885621",1
"Q886292",2
"Q886549",1
"Q8866546",1
"Q886722",1
"Q887225",2
"Q887850",1
"Q8880",2
"Q8880680",1
"Q8882924",1
"Q889514",1
"Q889643",1
"Q890057",8
"Q890203",5
"Q8914",1
"Q895499",1
"Q895726",1
"Q896355",1
"Q896403",1
"Q897160",1
"Q897511",1
"Q8975792",1
"Q8978735",1
"Q8980672",1
"Q8981293",1
"Q898226",2
"Q898362",12
"Q898370",1
"Q898419",2
"Q898533",1
"Q898637",1
"Q898757",1
"Q898871",1
"Q898879",1
"Q898969",1
"Q899035",1
"Q899107",1
"Q899137",1
"Q899232",1
"Q899279",1
"Q899288",1
"Q899363",2
"Q899421",3
"Q899502",1
"Q899561",1
"Q900150",1
"Q900557",1
"Q9008551",2
"Q901328",1
"Q901519",1
"Q901685",1
"Q901718",1
"Q901831",1
"Q901832",1
"Q9019674",2
"Q901988",2
"Q902019",1
"Q9020695",1
"Q9021585",1
"Q902750",1
"Q902873",1
"Q902880",1
"Q9031528",46
"Q903165",1
"Q903282",1
"Q903944",1
"Q904158",2
"Q904206",2
"Q904703",1
"Q904756",3
"Q9056262",1
"Q905921",1
"Q906709",1
"Q906810",1
"Q907364",1
"Q907574",1
"Q907841",1
"Q907950",2
"Q908207",4
"Q908485",1
"Q908508",1
"Q908692",1
"Q908892",1
"Q9089",114
"Q909168",1
"Q909182",1
"Q909609",1
"Q910386",1
"Q910550",1
"Q9106994",1
"Q910768",1
"Q910810",1
"Q911059",2
"Q911331",1
"Q911951",1
"Q912009",2
"Q912310",1
"Q912550",5
"Q9125660",1
"Q913404",2
"Q9137136",1
"Q913721",1
"Q913727",3
"Q913910",6
"Q913972",1
"Q914105",2
"Q914114",1
"Q9143767",1
"Q914395",1
"Q915614",1
"Q9158768",38
"Q9160936",1
"Q9161188",1
"Q917069",2
"Q917194",1
"Q917273",1
"Q917907",2
"Q9180309",1
"Q918036",2
"Q918277",1
"Q9184",1
"Q919036",2
"Q919075",1
"Q919765",1
"Q9200127",16
"Q920454",1
"Q920600",2
"Q920766",1
"Q9212",2
"Q921415",1
"Q923339",1
"Q924117",1
"Q924285",1
"Q925385",1
"Q925901",3
"Q926006",1
"Q926161",2
"Q926743",7
"Q9268",9
"Q927091",1
"Q927431",1
"Q929254",1
"Q929302",1
"Q929402",1
"Q929429",1
"Q929804",1
"Q930194",1
"Q930314",2
"Q931406",2
"Q931483",3
"Q931510",1
"Q931597",1
"Q931754",2
"Q93196",2
"Q932420",3
"Q933382",3
"Q9335642",1
"Q933870",1
"Q934095",1
"Q934309",1
"Q9347269",1
"Q93488",6
"Q935481",1
"Q935781",5
"Q93586",1
"Q936066",2
"Q93630",1
"Q936417",3
"Q936597",2
"Q936749",1
"Q93710",3
"Q93713",1
"Q9371589",2
"Q93728",5
"Q93732",5
"Q9378398",1
"Q9380064",1
"Q9380942",3
"Q9384666",1
"Q938864",1
"Q93904",1
"Q939200",1
"Q9394",3
"Q9397084",1
"Q93979",1
"Q93982",5
"Q939954",1
"Q94",15
"Q94044",3
"Q940709",1
"Q941769",1
"Q941853",2
"Q941882",2
"Q942348",1
"Q942890",2
"Q943",12
"Q943197",1
"Q943247",1
"Q943283",8
"Q943331",1
"Q94422",4
"Q944550",2
"Q944828",1
"Q944859",1
"Q944955",5
"Q945225",2
"Q9462417",2
"Q94702",1
"Q9471",3
"Q9476",1
"Q948442",1
"Q9492",4
"Q949423",1
"Q950604",6
"Q950799",5
"Q950844",1
"Q951215",3
"Q951437",2
"Q952222",1
"Q952519",2
"Q953276",1
"Q954187",1
"Q954260",1
"Q955260",1
"Q955920",3
"Q955957",3
"Q956085",1
"Q957798",2
"Q957848",2
"Q9580314",1
"Q9581",2
"Q958255",1
"Q958871",3
"Q9592",8
"Q959439",1
"Q9597",1
"Q959782",2
"Q959968",2
"Q9601",1
"Q961142",5
"Q961356",1
"Q9614",2
"Q961603",5
"Q963061",1
"Q963555",1
"Q9659",3
"Q966260",3
"Q9674",1
"Q967719",1
"Q9678",1
"Q967996",2
"Q969804",1
"Q971545",2
"Q971558",1
"Q972772",1
"Q973379",2
"Q974144",12
"Q974693",1
"Q975085",4
"Q9759",13
"Q976206",2
"Q976343",1
"Q9764",1
"Q9773",1
"Q977730",1
"Q9778",26
"Q978044",1
"Q9794",17
"Q979529",3
"Q979564",1
"Q979829",1
"Q980926",1
"Q984134",1
"Q986216",3
"Q986909",1
"Q988456",7
"Q988594",6
"Q989120",1
"Q989494",2
"Q990759",1
"Q994779",3
"Q9950",2
"Q996023",1
"Q99700",3
"Q998550",2
"Q999897",1
